Date,Affiliate,Clicks,GrossSales,Voids,NetSales,NumberofSales,ManualCredits,Commissions,Conversion,EPC,AverageOrder,AffiliateID,Organization,Website,NumbSales,NumbLeads,NumbTwoTier,NumbBonuses,NumbPayPerCall,NumbLeapFrog,SaleCommissions,LeadCommissions,TwoTierCommissions,BonusCommissions,PayPerCallCommissions,LeapFrogCommissions,TransactionFees
22/03/2021,1088116-Business Insider Inc.-www.businessinsider.com,32,$767.00 ,0,$767.00 ,4,0,$153.40 ,12.5,$479.38 ,$191.75 ,1088116,"Business Insider, Inc.",www.businessinsider.com,4,0,0,0,0,0,$153.40 ,$0.00 ,$0.00 ,$0.00 ,$0.00 ,$0.00 ,$30.68 
22/03/2021,314743-Skimbit Ltd-skimlinks.com,80,$464.00 ,0,$464.00 ,2,0,$69.60 ,2.5,$87.00 ,$232.00 ,314743,Skimbit Ltd,skimlinks.com,2,0,0,0,0,0,$69.60 ,$0.00 ,$0.00 ,$0.00 ,$0.00 ,$0.00 ,$13.92 
22/03/2021,1225169-Vox Media LLC-www.voxmedia.com/a/vm,3,$249.00 ,0,$249.00 ,1,0,$44.82 ,33.33,"$1,494.00 ",$249.00 ,1225169,"Vox Media, LLC",www.voxmedia.com/a/vm,1,0,0,0,0,0,$44.82 ,$0.00 ,$0.00 ,$0.00 ,$0.00 ,$0.00 ,$8.96 
22/03/2021,742098-adgoal GmbH-www.adgoal.net,0,$225.25 ,0,$225.25 ,1,0,$6.76 ,0,$0.00 ,$225.25 ,742098,adgoal GmbH,www.adgoal.net,1,0,0,0,0,0,$6.76 ,$0.00 ,$0.00 ,$0.00 ,$0.00 ,$0.00 ,$1.35 
22/03/2021,514792-CBS Interactive Inc.-www.cnet.com,2,$199.20 ,0,$199.20 ,1,0,$23.90 ,50,"$1,195.00 ",$199.20 ,514792,CBS Interactive Inc.,www.cnet.com,1,0,0,0,0,0,$23.90 ,$0.00 ,$0.00 ,$0.00 ,$0.00 ,$0.00 ,$4.78 
22/03/2021,2053730-WW Affiliate-www.yourbestmattress247.com,32,$174.25 ,0,$174.25 ,1,0,$5.23 ,3.13,$16.34 ,$174.25 ,2053730,WW Affiliate,www.yourbestmattress247.com,1,0,0,0,0,0,$5.23 ,$0.00 ,$0.00 ,$0.00 ,$0.00 ,$0.00 ,$1.05 
22/03/2021,445875-Demand.io-knoji.com,8,$132.30 ,0,$132.30 ,1,0,$3.97 ,12.5,$49.63 ,$132.30 ,445875,Demand.io,knoji.com,1,0,0,0,0,0,$3.97 ,$0.00 ,$0.00 ,$0.00 ,$0.00 ,$0.00 ,$0.79 
22/03/2021,1663605-GSG North America LLC-coupons.businessinsider.com/,3,$80.00 ,0,$80.00 ,1,0,$8.00 ,33.33,$266.67 ,$80.00 ,1663605,GSG North America LLC,coupons.businessinsider.com/,1,0,0,0,0,0,$8.00 ,$0.00 ,$0.00 ,$0.00 ,$0.00 ,$0.00 ,$1.60 
22/03/2021,725033-ID.me Inc.-shop.id.me,50,$0.00 ,0,$0.00 ,0,0,$0.00 ,0,$0.00 ,$0.00 ,725033,"ID.me, Inc.",shop.id.me,0,0,0,0,0,0,$0.00 ,$0.00 ,$0.00 ,$0.00 ,$0.00 ,$0.00 ,$0.00 
22/03/2021,1584217-Trends Green-topnaturalmattresses.com,46,$0.00 ,0,$0.00 ,0,0,$0.00 ,0,$0.00 ,$0.00 ,1584217,Trends Green,topnaturalmattresses.com,0,0,0,0,0,0,$0.00 ,$0.00 ,$0.00 ,$0.00 ,$0.00 ,$0.00 ,$0.00 
22/03/2021,201285-12 Interactive LLC-www.perkspot.com,22,$0.00 ,0,$0.00 ,0,0,$0.00 ,0,$0.00 ,$0.00 ,201285,12 Interactive LLC,www.perkspot.com,0,0,0,0,0,0,$0.00 ,$0.00 ,$0.00 ,$0.00 ,$0.00 ,$0.00 ,$0.00 
22/03/2021,1773960-Tuck.com LLC-tuck.com,16,$0.00 ,0,$0.00 ,0,0,$0.00 ,0,$0.00 ,$0.00 ,1773960,"Tuck.com, LLC",tuck.com,0,0,0,0,0,0,$0.00 ,$0.00 ,$0.00 ,$0.00 ,$0.00 ,$0.00 ,$0.00 
22/03/2021,140995-Savings.com Inc-www.savings.com,10,$0.00 ,0,$0.00 ,0,0,$0.00 ,0,$0.00 ,$0.00 ,140995,Savings.com Inc,www.savings.com,0,0,0,0,0,0,$0.00 ,$0.00 ,$0.00 ,$0.00 ,$0.00 ,$0.00 ,$0.00 
22/03/2021,389818-VigLink Inc.-www.viglink.com,9,$0.00 ,0,$0.00 ,0,0,$0.00 ,0,$0.00 ,$0.00 ,389818,"VigLink, Inc.",www.viglink.com,0,0,0,0,0,0,$0.00 ,$0.00 ,$0.00 ,$0.00 ,$0.00 ,$0.00 ,$0.00 
22/03/2021,2284878-Tuck.com LLC-www.sleepfoundation.org/,9,$0.00 ,0,$0.00 ,0,0,$0.00 ,0,$0.00 ,$0.00 ,2284878,"Tuck.com, LLC",www.sleepfoundation.org/,0,0,0,0,0,0,$0.00 ,$0.00 ,$0.00 ,$0.00 ,$0.00 ,$0.00 ,$0.00 
22/03/2021,1014069-Mutzel Nutrition LLC-highintensityhealth.com/,7,$0.00 ,0,$0.00 ,0,0,$0.00 ,0,$0.00 ,$0.00 ,1014069,Mutzel Nutrition LLC,highintensityhealth.com/,0,0,0,0,0,0,$0.00 ,$0.00 ,$0.00 ,$0.00 ,$0.00 ,$0.00 ,$0.00 
22/03/2021,748814-Reviewed.com-www.reviewed.com,6,$0.00 ,0,$0.00 ,0,0,$0.00 ,0,$0.00 ,$0.00 ,748814,Reviewed.com,www.reviewed.com,0,0,0,0,0,0,$0.00 ,$0.00 ,$0.00 ,$0.00 ,$0.00 ,$0.00 ,$0.00 
22/03/2021,1238556-YIELDKIT GmbH-yieldkit.com,6,$0.00 ,0,$0.00 ,0,0,$0.00 ,0,$0.00 ,$0.00 ,1238556,YIELDKIT GmbH,yieldkit.com,0,0,0,0,0,0,$0.00 ,$0.00 ,$0.00 ,$0.00 ,$0.00 ,$0.00 ,$0.00 
22/03/2021,213636-SurfMyAds.com-www.promocodes.com,4,$0.00 ,0,$0.00 ,0,0,$0.00 ,0,$0.00 ,$0.00 ,213636,SurfMyAds.com,www.promocodes.com,0,0,0,0,0,0,$0.00 ,$0.00 ,$0.00 ,$0.00 ,$0.00 ,$0.00 ,$0.00 
22/03/2021,1413766-LinkGains (HK) Limited-www.hotdeals.com,4,$0.00 ,0,$0.00 ,0,0,$0.00 ,0,$0.00 ,$0.00 ,1413766,LinkGains (HK) Limited,www.hotdeals.com,0,0,0,0,0,0,$0.00 ,$0.00 ,$0.00 ,$0.00 ,$0.00 ,$0.00 ,$0.00 
22/03/2021,1772040-Meredith Corporation-www.realsimple.com/,4,$0.00 ,0,$0.00 ,0,0,$0.00 ,0,$0.00 ,$0.00 ,1772040,Meredith Corporation,www.realsimple.com/,0,0,0,0,0,0,$0.00 ,$0.00 ,$0.00 ,$0.00 ,$0.00 ,$0.00 ,$0.00 
22/03/2021,136482-Vertive LLC (Offers.com LLC.)-offers.com,3,$0.00 ,0,$0.00 ,0,0,$0.00 ,0,$0.00 ,$0.00 ,136482,"Vertive, LLC (Offers.com, LLC.)",offers.com,0,0,0,0,0,0,$0.00 ,$0.00 ,$0.00 ,$0.00 ,$0.00 ,$0.00 ,$0.00 
22/03/2021,1140999-Chichihaha Limited-www.couponbirds.com,3,$0.00 ,0,$0.00 ,0,0,$0.00 ,0,$0.00 ,$0.00 ,1140999,Chichihaha Limited,www.couponbirds.com,0,0,0,0,0,0,$0.00 ,$0.00 ,$0.00 ,$0.00 ,$0.00 ,$0.00 ,$0.00 
22/03/2021,1242889-RIZKNOWS LLC-www.rizknows.com,3,$0.00 ,0,$0.00 ,0,0,$0.00 ,0,$0.00 ,$0.00 ,1242889,RIZKNOWS LLC,www.rizknows.com,0,0,0,0,0,0,$0.00 ,$0.00 ,$0.00 ,$0.00 ,$0.00 ,$0.00 ,$0.00 
22/03/2021,2029250-CNN Interactive Group-www.cnn.com/cnn-underscored/,3,$0.00 ,0,$0.00 ,0,0,$0.00 ,0,$0.00 ,$0.00 ,2029250,CNN Interactive Group,www.cnn.com/cnn-underscored/,0,0,0,0,0,0,$0.00 ,$0.00 ,$0.00 ,$0.00 ,$0.00 ,$0.00 ,$0.00 
22/03/2021,193744-shareasaleaffnl@rmn.com-www.retailmenot.com,2,$0.00 ,0,$0.00 ,0,0,$0.00 ,0,$0.00 ,$0.00 ,193744,shareasaleaffnl@rmn.com,www.retailmenot.com,0,0,0,0,0,0,$0.00 ,$0.00 ,$0.00 ,$0.00 ,$0.00 ,$0.00 ,$0.00 
22/03/2021,721112-For Me To Coupon-www.fmtc.co,2,$0.00 ,0,$0.00 ,0,0,$0.00 ,0,$0.00 ,$0.00 ,721112,For Me To Coupon,www.fmtc.co,0,0,0,0,0,0,$0.00 ,$0.00 ,$0.00 ,$0.00 ,$0.00 ,$0.00 ,$0.00 
22/03/2021,745788-digidip GmbH-digidip.net,2,$0.00 ,0,$0.00 ,0,0,$0.00 ,0,$0.00 ,$0.00 ,745788,digidip GmbH,digidip.net,0,0,0,0,0,0,$0.00 ,$0.00 ,$0.00 ,$0.00 ,$0.00 ,$0.00 ,$0.00 
22/03/2021,930703-Antifragile Fit-antifragile.fit,2,$0.00 ,0,$0.00 ,0,0,$0.00 ,0,$0.00 ,$0.00 ,930703,Antifragile Fit,antifragile.fit,0,0,0,0,0,0,$0.00 ,$0.00 ,$0.00 ,$0.00 ,$0.00 ,$0.00 ,$0.00 
22/03/2021,1372745-SavvyShop-savvyshopworld.com,2,$0.00 ,0,$0.00 ,0,0,$0.00 ,0,$0.00 ,$0.00 ,1372745,SavvyShop,savvyshopworld.com,0,0,0,0,0,0,$0.00 ,$0.00 ,$0.00 ,$0.00 ,$0.00 ,$0.00 ,$0.00 
22/03/2021,2316883-HigherDOSE LLC-higherdose.com/,2,$0.00 ,0,$0.00 ,0,0,$0.00 ,0,$0.00 ,$0.00 ,2316883,HigherDOSE LLC,higherdose.com/,0,0,0,0,0,0,$0.00 ,$0.00 ,$0.00 ,$0.00 ,$0.00 ,$0.00 ,$0.00 
22/03/2021,154911-CouponCabin LLC-www.couponcabin.com,1,$0.00 ,0,$0.00 ,0,0,$0.00 ,0,$0.00 ,$0.00 ,154911,"CouponCabin, LLC",www.couponcabin.com,0,0,0,0,0,0,$0.00 ,$0.00 ,$0.00 ,$0.00 ,$0.00 ,$0.00 ,$0.00 
22/03/2021,318676-Capital Intellect Inc.-www.befrugal.com,1,$0.00 ,0,$0.00 ,0,0,$0.00 ,0,$0.00 ,$0.00 ,318676,"Capital Intellect, Inc.",www.befrugal.com,0,0,0,0,0,0,$0.00 ,$0.00 ,$0.00 ,$0.00 ,$0.00 ,$0.00 ,$0.00 
22/03/2021,1250612-Refermate LLC-www.refermate.com,1,$0.00 ,0,$0.00 ,0,0,$0.00 ,0,$0.00 ,$0.00 ,1250612,"Refermate, LLC",www.refermate.com,0,0,0,0,0,0,$0.00 ,$0.00 ,$0.00 ,$0.00 ,$0.00 ,$0.00 ,$0.00 
22/03/2021,1393373-CPAR Media Corp-www.coupongrind.com,1,$0.00 ,0,$0.00 ,0,0,$0.00 ,0,$0.00 ,$0.00 ,1393373,CPAR Media Corp,www.coupongrind.com,0,0,0,0,0,0,$0.00 ,$0.00 ,$0.00 ,$0.00 ,$0.00 ,$0.00 ,$0.00 
22/03/2021,1418817-MK INFOTECH LIMITED-www.anycodes.com,1,$0.00 ,0,$0.00 ,0,0,$0.00 ,0,$0.00 ,$0.00 ,1418817,MK INFOTECH LIMITED,www.anycodes.com,0,0,0,0,0,0,$0.00 ,$0.00 ,$0.00 ,$0.00 ,$0.00 ,$0.00 ,$0.00 
22/03/2021,1519404-Mariano Cordoba-marianocordoba.me,1,$0.00 ,0,$0.00 ,0,0,$0.00 ,0,$0.00 ,$0.00 ,1519404,Mariano Cordoba,marianocordoba.me,0,0,0,0,0,0,$0.00 ,$0.00 ,$0.00 ,$0.00 ,$0.00 ,$0.00 ,$0.00 
22/03/2021,1538097-Wildfire Systems Inc.-wildfire-corp.com,1,$0.00 ,0,$0.00 ,0,0,$0.00 ,0,$0.00 ,$0.00 ,1538097,"Wildfire Systems, Inc.",wildfire-corp.com,0,0,0,0,0,0,$0.00 ,$0.00 ,$0.00 ,$0.00 ,$0.00 ,$0.00 ,$0.00 
22/03/2021,1778626-Syed Hammad Hussain-www.couponsvolcano.com,1,$0.00 ,0,$0.00 ,0,0,$0.00 ,0,$0.00 ,$0.00 ,1778626,Syed Hammad Hussain,www.couponsvolcano.com,0,0,0,0,0,0,$0.00 ,$0.00 ,$0.00 ,$0.00 ,$0.00 ,$0.00 ,$0.00 
22/03/2021,2075116-Arif Bilal-www.fivestarcoupon.com/,1,$0.00 ,0,$0.00 ,0,0,$0.00 ,0,$0.00 ,$0.00 ,2075116,Arif Bilal,www.fivestarcoupon.com/,0,0,0,0,0,0,$0.00 ,$0.00 ,$0.00 ,$0.00 ,$0.00 ,$0.00 ,$0.00 
22/03/2021,2158274-Guillaume Jutras-Dornier-www.toptensitereviews.club,1,$0.00 ,0,$0.00 ,0,0,$0.00 ,0,$0.00 ,$0.00 ,2158274,Guillaume Jutras-Dornier,www.toptensitereviews.club,0,0,0,0,0,0,$0.00 ,$0.00 ,$0.00 ,$0.00 ,$0.00 ,$0.00 ,$0.00 
23/03/2021,1088116-Business Insider Inc.-www.businessinsider.com,52,$478.45 ,0,$478.45 ,2,0,$95.69 ,3.85,$184.02 ,$239.23 ,1088116,"Business Insider, Inc.",www.businessinsider.com,2,0,0,0,0,0,$95.69 ,$0.00 ,$0.00 ,$0.00 ,$0.00 ,$0.00 ,$19.14 
23/03/2021,725033-ID.me Inc.-shop.id.me,51,$398.40 ,0,$398.40 ,2,0,$11.96 ,3.92,$23.45 ,$199.20 ,725033,"ID.me, Inc.",shop.id.me,2,0,0,0,0,0,$11.96 ,$0.00 ,$0.00 ,$0.00 ,$0.00 ,$0.00 ,$2.40 
23/03/2021,445875-Demand.io-knoji.com,16,$324.80 ,0,$324.80 ,2,0,$9.74 ,12.5,$60.88 ,$162.40 ,445875,Demand.io,knoji.com,2,0,0,0,0,0,$9.74 ,$0.00 ,$0.00 ,$0.00 ,$0.00 ,$0.00 ,$1.95 
23/03/2021,2316883-HigherDOSE LLC-higherdose.com/,2,$135.00 ,0,$135.00 ,1,0,$13.50 ,50,$675.00 ,$135.00 ,2316883,HigherDOSE LLC,higherdose.com/,1,0,0,0,0,0,$13.50 ,$0.00 ,$0.00 ,$0.00 ,$0.00 ,$0.00 ,$2.70 
23/03/2021,314743-Skimbit Ltd-skimlinks.com,137,$115.00 ,0,$115.00 ,1,0,$17.25 ,0.73,$12.59 ,$115.00 ,314743,Skimbit Ltd,skimlinks.com,1,0,0,0,0,0,$17.25 ,$0.00 ,$0.00 ,$0.00 ,$0.00 ,$0.00 ,$3.45 
23/03/2021,1584217-Trends Green-topnaturalmattresses.com,35,$0.00 ,0,$0.00 ,0,0,$0.00 ,0,$0.00 ,$0.00 ,1584217,Trends Green,topnaturalmattresses.com,0,0,0,0,0,0,$0.00 ,$0.00 ,$0.00 ,$0.00 ,$0.00 ,$0.00 ,$0.00 
23/03/2021,1773960-Tuck.com LLC-tuck.com,23,$0.00 ,0,$0.00 ,0,0,$0.00 ,0,$0.00 ,$0.00 ,1773960,"Tuck.com, LLC",tuck.com,0,0,0,0,0,0,$0.00 ,$0.00 ,$0.00 ,$0.00 ,$0.00 ,$0.00 ,$0.00 
23/03/2021,201285-12 Interactive LLC-www.perkspot.com,10,$0.00 ,0,$0.00 ,0,0,$0.00 ,0,$0.00 ,$0.00 ,201285,12 Interactive LLC,www.perkspot.com,0,0,0,0,0,0,$0.00 ,$0.00 ,$0.00 ,$0.00 ,$0.00 ,$0.00 ,$0.00 
23/03/2021,1014069-Mutzel Nutrition LLC-highintensityhealth.com/,10,$0.00 ,0,$0.00 ,0,0,$0.00 ,0,$0.00 ,$0.00 ,1014069,Mutzel Nutrition LLC,highintensityhealth.com/,0,0,0,0,0,0,$0.00 ,$0.00 ,$0.00 ,$0.00 ,$0.00 ,$0.00 ,$0.00 
23/03/2021,140995-Savings.com Inc-www.savings.com,8,$0.00 ,0,$0.00 ,0,0,$0.00 ,0,$0.00 ,$0.00 ,140995,Savings.com Inc,www.savings.com,0,0,0,0,0,0,$0.00 ,$0.00 ,$0.00 ,$0.00 ,$0.00 ,$0.00 ,$0.00 
23/03/2021,1772040-Meredith Corporation-www.realsimple.com/,8,$0.00 ,0,$0.00 ,0,0,$0.00 ,0,$0.00 ,$0.00 ,1772040,Meredith Corporation,www.realsimple.com/,0,0,0,0,0,0,$0.00 ,$0.00 ,$0.00 ,$0.00 ,$0.00 ,$0.00 ,$0.00 
23/03/2021,389818-VigLink Inc.-www.viglink.com,6,$0.00 ,0,$0.00 ,0,0,$0.00 ,0,$0.00 ,$0.00 ,389818,"VigLink, Inc.",www.viglink.com,0,0,0,0,0,0,$0.00 ,$0.00 ,$0.00 ,$0.00 ,$0.00 ,$0.00 ,$0.00 
23/03/2021,748814-Reviewed.com-www.reviewed.com,6,$0.00 ,0,$0.00 ,0,0,$0.00 ,0,$0.00 ,$0.00 ,748814,Reviewed.com,www.reviewed.com,0,0,0,0,0,0,$0.00 ,$0.00 ,$0.00 ,$0.00 ,$0.00 ,$0.00 ,$0.00 
23/03/2021,2284878-Tuck.com LLC-www.sleepfoundation.org/,6,$0.00 ,0,$0.00 ,0,0,$0.00 ,0,$0.00 ,$0.00 ,2284878,"Tuck.com, LLC",www.sleepfoundation.org/,0,0,0,0,0,0,$0.00 ,$0.00 ,$0.00 ,$0.00 ,$0.00 ,$0.00 ,$0.00 
23/03/2021,193744-shareasaleaffnl@rmn.com-www.retailmenot.com,4,$0.00 ,0,$0.00 ,0,0,$0.00 ,0,$0.00 ,$0.00 ,193744,shareasaleaffnl@rmn.com,www.retailmenot.com,0,0,0,0,0,0,$0.00 ,$0.00 ,$0.00 ,$0.00 ,$0.00 ,$0.00 ,$0.00 
23/03/2021,1238556-YIELDKIT GmbH-yieldkit.com,4,$0.00 ,0,$0.00 ,0,0,$0.00 ,0,$0.00 ,$0.00 ,1238556,YIELDKIT GmbH,yieldkit.com,0,0,0,0,0,0,$0.00 ,$0.00 ,$0.00 ,$0.00 ,$0.00 ,$0.00 ,$0.00 
23/03/2021,1413766-LinkGains (HK) Limited-www.hotdeals.com,4,$0.00 ,0,$0.00 ,0,0,$0.00 ,0,$0.00 ,$0.00 ,1413766,LinkGains (HK) Limited,www.hotdeals.com,0,0,0,0,0,0,$0.00 ,$0.00 ,$0.00 ,$0.00 ,$0.00 ,$0.00 ,$0.00 
23/03/2021,136482-Vertive LLC (Offers.com LLC.)-offers.com,3,$0.00 ,0,$0.00 ,0,0,$0.00 ,0,$0.00 ,$0.00 ,136482,"Vertive, LLC (Offers.com, LLC.)",offers.com,0,0,0,0,0,0,$0.00 ,$0.00 ,$0.00 ,$0.00 ,$0.00 ,$0.00 ,$0.00 
23/03/2021,514792-CBS Interactive Inc.-www.cnet.com,3,$0.00 ,0,$0.00 ,0,0,$0.00 ,0,$0.00 ,$0.00 ,514792,CBS Interactive Inc.,www.cnet.com,0,0,0,0,0,0,$0.00 ,$0.00 ,$0.00 ,$0.00 ,$0.00 ,$0.00 ,$0.00 
23/03/2021,745788-digidip GmbH-digidip.net,3,$0.00 ,0,$0.00 ,0,0,$0.00 ,0,$0.00 ,$0.00 ,745788,digidip GmbH,digidip.net,0,0,0,0,0,0,$0.00 ,$0.00 ,$0.00 ,$0.00 ,$0.00 ,$0.00 ,$0.00 
23/03/2021,154911-CouponCabin LLC-www.couponcabin.com,2,$0.00 ,0,$0.00 ,0,0,$0.00 ,0,$0.00 ,$0.00 ,154911,"CouponCabin, LLC",www.couponcabin.com,0,0,0,0,0,0,$0.00 ,$0.00 ,$0.00 ,$0.00 ,$0.00 ,$0.00 ,$0.00 
23/03/2021,742098-adgoal GmbH-www.adgoal.net,2,$0.00 ,0,$0.00 ,0,0,$0.00 ,0,$0.00 ,$0.00 ,742098,adgoal GmbH,www.adgoal.net,0,0,0,0,0,0,$0.00 ,$0.00 ,$0.00 ,$0.00 ,$0.00 ,$0.00 ,$0.00 
23/03/2021,1250612-Refermate LLC-www.refermate.com,2,$0.00 ,0,$0.00 ,0,0,$0.00 ,0,$0.00 ,$0.00 ,1250612,"Refermate, LLC",www.refermate.com,0,0,0,0,0,0,$0.00 ,$0.00 ,$0.00 ,$0.00 ,$0.00 ,$0.00 ,$0.00 
23/03/2021,1307407-VerticalScope Inc.-thesleepjudge.com,2,$0.00 ,0,$0.00 ,0,0,$0.00 ,0,$0.00 ,$0.00 ,1307407,VerticalScope Inc.,thesleepjudge.com,0,0,0,0,0,0,$0.00 ,$0.00 ,$0.00 ,$0.00 ,$0.00 ,$0.00 ,$0.00 
23/03/2021,1372745-SavvyShop-savvyshopworld.com,2,$0.00 ,0,$0.00 ,0,0,$0.00 ,0,$0.00 ,$0.00 ,1372745,SavvyShop,savvyshopworld.com,0,0,0,0,0,0,$0.00 ,$0.00 ,$0.00 ,$0.00 ,$0.00 ,$0.00 ,$0.00 
23/03/2021,1578665-Mattress Advisor LLC-sleepopolis.com,2,$0.00 ,0,$0.00 ,0,0,$0.00 ,0,$0.00 ,$0.00 ,1578665,Mattress Advisor LLC,sleepopolis.com,0,0,0,0,0,0,$0.00 ,$0.00 ,$0.00 ,$0.00 ,$0.00 ,$0.00 ,$0.00 
23/03/2021,1663605-GSG North America LLC-coupons.businessinsider.com/,2,$0.00 ,0,$0.00 ,0,0,$0.00 ,0,$0.00 ,$0.00 ,1663605,GSG North America LLC,coupons.businessinsider.com/,0,0,0,0,0,0,$0.00 ,$0.00 ,$0.00 ,$0.00 ,$0.00 ,$0.00 ,$0.00 
23/03/2021,2053730-WW Affiliate-www.yourbestmattress247.com,2,$0.00 ,0,$0.00 ,0,0,$0.00 ,0,$0.00 ,$0.00 ,2053730,WW Affiliate,www.yourbestmattress247.com,0,0,0,0,0,0,$0.00 ,$0.00 ,$0.00 ,$0.00 ,$0.00 ,$0.00 ,$0.00 
23/03/2021,2292146-Olymp Technologies Inc-honestbrandreviews.com,2,$0.00 ,0,$0.00 ,0,0,$0.00 ,0,$0.00 ,$0.00 ,2292146,Olymp Technologies Inc,honestbrandreviews.com,0,0,0,0,0,0,$0.00 ,$0.00 ,$0.00 ,$0.00 ,$0.00 ,$0.00 ,$0.00 
23/03/2021,213636-SurfMyAds.com-www.promocodes.com,1,$0.00 ,0,$0.00 ,0,0,$0.00 ,0,$0.00 ,$0.00 ,213636,SurfMyAds.com,www.promocodes.com,0,0,0,0,0,0,$0.00 ,$0.00 ,$0.00 ,$0.00 ,$0.00 ,$0.00 ,$0.00 
23/03/2021,318676-Capital Intellect Inc.-www.befrugal.com,1,$0.00 ,0,$0.00 ,0,0,$0.00 ,0,$0.00 ,$0.00 ,318676,"Capital Intellect, Inc.",www.befrugal.com,0,0,0,0,0,0,$0.00 ,$0.00 ,$0.00 ,$0.00 ,$0.00 ,$0.00 ,$0.00 
23/03/2021,1140999-Chichihaha Limited-www.couponbirds.com,1,$0.00 ,0,$0.00 ,0,0,$0.00 ,0,$0.00 ,$0.00 ,1140999,Chichihaha Limited,www.couponbirds.com,0,0,0,0,0,0,$0.00 ,$0.00 ,$0.00 ,$0.00 ,$0.00 ,$0.00 ,$0.00 
23/03/2021,1225169-Vox Media LLC-www.voxmedia.com/a/vm,1,$0.00 ,0,$0.00 ,0,0,$0.00 ,0,$0.00 ,$0.00 ,1225169,"Vox Media, LLC",www.voxmedia.com/a/vm,0,0,0,0,0,0,$0.00 ,$0.00 ,$0.00 ,$0.00 ,$0.00 ,$0.00 ,$0.00 
23/03/2021,1242889-RIZKNOWS LLC-www.rizknows.com,1,$0.00 ,0,$0.00 ,0,0,$0.00 ,0,$0.00 ,$0.00 ,1242889,RIZKNOWS LLC,www.rizknows.com,0,0,0,0,0,0,$0.00 ,$0.00 ,$0.00 ,$0.00 ,$0.00 ,$0.00 ,$0.00 
23/03/2021,1519404-Mariano Cordoba-marianocordoba.me,1,$0.00 ,0,$0.00 ,0,0,$0.00 ,0,$0.00 ,$0.00 ,1519404,Mariano Cordoba,marianocordoba.me,0,0,0,0,0,0,$0.00 ,$0.00 ,$0.00 ,$0.00 ,$0.00 ,$0.00 ,$0.00 
23/03/2021,1693896-Karen Shopoff Rooff-www.wellbalancedwomen.com,1,$0.00 ,0,$0.00 ,0,0,$0.00 ,0,$0.00 ,$0.00 ,1693896,Karen Shopoff Rooff,www.wellbalancedwomen.com,0,0,0,0,0,0,$0.00 ,$0.00 ,$0.00 ,$0.00 ,$0.00 ,$0.00 ,$0.00 
24/03/2021,431460-COUPONISM INC.-www.couponism.com/,5,$847.00 ,0,$847.00 ,3,0,$42.35 ,60,$847.00 ,$282.33 ,431460,COUPONISM INC.,www.couponism.com/,3,0,0,0,0,0,$42.35 ,$0.00 ,$0.00 ,$0.00 ,$0.00 ,$0.00 ,$8.47 
24/03/2021,512696-MyPoints.com Inc.-www.mypoints.com,3,$598.00 ,0,$598.00 ,1,0,$29.90 ,33.33,$996.67 ,$598.00 ,512696,"MyPoints.com, Inc.",www.mypoints.com,1,0,0,0,0,0,$29.90 ,$0.00 ,$0.00 ,$0.00 ,$0.00 ,$0.00 ,$5.98 
24/03/2021,1140999-Chichihaha Limited-www.couponbirds.com,5,$452.20 ,0,$452.20 ,2,0,$22.61 ,40,$452.20 ,$226.10 ,1140999,Chichihaha Limited,www.couponbirds.com,2,0,0,0,0,0,$22.61 ,$0.00 ,$0.00 ,$0.00 ,$0.00 ,$0.00 ,$4.52 
24/03/2021,1375544-REE SOLUTIONS INC-www.reecoupons.com,6,$398.00 ,0,$398.00 ,1,0,$19.90 ,16.67,$331.67 ,$398.00 ,1375544,REE SOLUTIONS INC,www.reecoupons.com,1,0,0,0,0,0,$19.90 ,$0.00 ,$0.00 ,$0.00 ,$0.00 ,$0.00 ,$3.98 
24/03/2021,314743-Skimbit Ltd-skimlinks.com,19,$385.20 ,0,$385.20 ,1,0,$69.34 ,5.26,$364.95 ,$385.20 ,314743,Skimbit Ltd,skimlinks.com,1,0,0,0,0,0,$69.34 ,$0.00 ,$0.00 ,$0.00 ,$0.00 ,$0.00 ,$13.87 
24/03/2021,1705307-Muhammad Bilal-www.discountcodez.com/,3,$299.00 ,0,$299.00 ,1,0,$14.95 ,33.33,$498.33 ,$299.00 ,1705307,Muhammad Bilal,www.discountcodez.com/,1,0,0,0,0,0,$14.95 ,$0.00 ,$0.00 ,$0.00 ,$0.00 ,$0.00 ,$2.99 
24/03/2021,1052535-ZYMSOL-www.dealsdir.com,1,$299.00 ,0,$299.00 ,1,0,$14.95 ,100,"$1,495.00 ",$299.00 ,1052535,ZYMSOL,www.dealsdir.com,1,0,0,0,0,0,$14.95 ,$0.00 ,$0.00 ,$0.00 ,$0.00 ,$0.00 ,$2.99 
24/03/2021,2081063-Yuping Li-couponduos.com,3,$99.00 ,0,$99.00 ,1,0,$4.95 ,33.33,$165.00 ,$99.00 ,2081063,Yuping Li,couponduos.com,1,0,0,0,0,0,$4.95 ,$0.00 ,$0.00 ,$0.00 ,$0.00 ,$0.00 ,$0.99 
24/03/2021,389818-VigLink Inc.-www.viglink.com,158,$0.00 ,0,$0.00 ,0,0,$0.00 ,0,$0.00 ,$0.00 ,389818,"VigLink, Inc.",www.viglink.com,0,0,0,0,0,0,$0.00 ,$0.00 ,$0.00 ,$0.00 ,$0.00 ,$0.00 ,$0.00 
24/03/2021,445875-Demand.io-knoji.com,6,$0.00 ,0,$0.00 ,0,0,$0.00 ,0,$0.00 ,$0.00 ,445875,Demand.io,knoji.com,0,0,0,0,0,0,$0.00 ,$0.00 ,$0.00 ,$0.00 ,$0.00 ,$0.00 ,$0.00 
24/03/2021,947175-Mattress Advisor LLC-mattressclarity.com,6,$0.00 ,0,$0.00 ,0,0,$0.00 ,0,$0.00 ,$0.00 ,947175,Mattress Advisor LLC,mattressclarity.com,0,0,0,0,0,0,$0.00 ,$0.00 ,$0.00 ,$0.00 ,$0.00 ,$0.00 ,$0.00 
24/03/2021,1422007-Christiaan Moberg-www.slumbersearch.com,6,$0.00 ,0,$0.00 ,0,0,$0.00 ,0,$0.00 ,$0.00 ,1422007,Christiaan Moberg,www.slumbersearch.com,0,0,0,0,0,0,$0.00 ,$0.00 ,$0.00 ,$0.00 ,$0.00 ,$0.00 ,$0.00 
24/03/2021,927360-Coupon Gents LLC-coupongents.us,4,$0.00 ,0,$0.00 ,0,0,$0.00 ,0,$0.00 ,$0.00 ,927360,"Coupon Gents, LLC",coupongents.us,0,0,0,0,0,0,$0.00 ,$0.00 ,$0.00 ,$0.00 ,$0.00 ,$0.00 ,$0.00 
24/03/2021,1238556-YIELDKIT GmbH-yieldkit.com,4,$0.00 ,0,$0.00 ,0,0,$0.00 ,0,$0.00 ,$0.00 ,1238556,YIELDKIT GmbH,yieldkit.com,0,0,0,0,0,0,$0.00 ,$0.00 ,$0.00 ,$0.00 ,$0.00 ,$0.00 ,$0.00 
24/03/2021,1519404-Mariano Cordoba-marianocordoba.me,4,$0.00 ,0,$0.00 ,0,0,$0.00 ,0,$0.00 ,$0.00 ,1519404,Mariano Cordoba,marianocordoba.me,0,0,0,0,0,0,$0.00 ,$0.00 ,$0.00 ,$0.00 ,$0.00 ,$0.00 ,$0.00 
24/03/2021,967949-Common News Update LLC-www.commonnewsupdate.com,3,$0.00 ,0,$0.00 ,0,0,$0.00 ,0,$0.00 ,$0.00 ,967949,"Common News Update, LLC",www.commonnewsupdate.com,0,0,0,0,0,0,$0.00 ,$0.00 ,$0.00 ,$0.00 ,$0.00 ,$0.00 ,$0.00 
24/03/2021,1250612-Refermate LLC-www.refermate.com,3,$0.00 ,0,$0.00 ,0,0,$0.00 ,0,$0.00 ,$0.00 ,1250612,"Refermate, LLC",www.refermate.com,0,0,0,0,0,0,$0.00 ,$0.00 ,$0.00 ,$0.00 ,$0.00 ,$0.00 ,$0.00 
24/03/2021,709810-Prodege LLC-www.swagbucks.com,2,$0.00 ,0,$0.00 ,0,0,$0.00 ,0,$0.00 ,$0.00 ,709810,Prodege LLC,www.swagbucks.com,0,0,0,0,0,0,$0.00 ,$0.00 ,$0.00 ,$0.00 ,$0.00 ,$0.00 ,$0.00 
24/03/2021,862413-Prodege LLC-www.couponcause.com,2,$0.00 ,0,$0.00 ,0,0,$0.00 ,0,$0.00 ,$0.00 ,862413,"Prodege, LLC",www.couponcause.com,0,0,0,0,0,0,$0.00 ,$0.00 ,$0.00 ,$0.00 ,$0.00 ,$0.00 ,$0.00 
24/03/2021,1093950-Trapskin Enterprises LLC-www.sleepsherpa.com,2,$0.00 ,0,$0.00 ,0,0,$0.00 ,0,$0.00 ,$0.00 ,1093950,Trapskin Enterprises LLC,www.sleepsherpa.com,0,0,0,0,0,0,$0.00 ,$0.00 ,$0.00 ,$0.00 ,$0.00 ,$0.00 ,$0.00 
24/03/2021,318676-Capital Intellect Inc.-www.befrugal.com,1,$0.00 ,0,$0.00 ,0,0,$0.00 ,0,$0.00 ,$0.00 ,318676,"Capital Intellect, Inc.",www.befrugal.com,0,0,0,0,0,0,$0.00 ,$0.00 ,$0.00 ,$0.00 ,$0.00 ,$0.00 ,$0.00 
24/03/2021,708786-ANDHI ERMAWAN-couponseeker.com salehunter.com,1,$0.00 ,0,$0.00 ,0,0,$0.00 ,0,$0.00 ,$0.00 ,708786,ANDHI ERMAWAN,"couponseeker.com, salehunter.com",0,0,0,0,0,0,$0.00 ,$0.00 ,$0.00 ,$0.00 ,$0.00 ,$0.00 ,$0.00 
24/03/2021,742098-adgoal GmbH-www.adgoal.net,1,$0.00 ,0,$0.00 ,0,0,$0.00 ,0,$0.00 ,$0.00 ,742098,adgoal GmbH,www.adgoal.net,0,0,0,0,0,0,$0.00 ,$0.00 ,$0.00 ,$0.00 ,$0.00 ,$0.00 ,$0.00 
24/03/2021,748814-Reviewed.com-www.reviewed.com,1,$0.00 ,0,$0.00 ,0,0,$0.00 ,0,$0.00 ,$0.00 ,748814,Reviewed.com,www.reviewed.com,0,0,0,0,0,0,$0.00 ,$0.00 ,$0.00 ,$0.00 ,$0.00 ,$0.00 ,$0.00 
24/03/2021,1413766-LinkGains (HK) Limited-www.hotdeals.com,1,$0.00 ,0,$0.00 ,0,0,$0.00 ,0,$0.00 ,$0.00 ,1413766,LinkGains (HK) Limited,www.hotdeals.com,0,0,0,0,0,0,$0.00 ,$0.00 ,$0.00 ,$0.00 ,$0.00 ,$0.00 ,$0.00 
24/03/2021,1617214-ShopAtHome.com LLC-www.shopathome.com,1,$0.00 ,0,$0.00 ,0,0,$0.00 ,0,$0.00 ,$0.00 ,1617214,"ShopAtHome.com, LLC",www.shopathome.com,0,0,0,0,0,0,$0.00 ,$0.00 ,$0.00 ,$0.00 ,$0.00 ,$0.00 ,$0.00 
25/03/2021,1088116-Business Insider Inc.-www.businessinsider.com,32,$767.00 ,0,$767.00 ,4,0,$159.00 ,12.5,$479.38 ,$194.00 ,1088116,"Business Insider, Inc.",www.businessinsider.com,4,0,0,0,0,0,$153.40 ,$0.00 ,$0.00 ,$0.00 ,$0.00 ,$0.00 ,$30.68 
25/03/2021,314743-Skimbit Ltd-skimlinks.com,80,$464.00 ,0,$464.00 ,2,0,$71.45 ,2.5,$87.00 ,$268.00 ,314743,Skimbit Ltd,skimlinks.com,2,0,0,0,0,0,$69.60 ,$0.00 ,$0.00 ,$0.00 ,$0.00 ,$0.00 ,$13.92 
25/03/2021,1225169-Vox Media LLC-www.voxmedia.com/a/vm,3,$249.00 ,0,$249.00 ,1,0,$44.82 ,33.33,"$1,494.00 ",$258.00 ,1225169,"Vox Media, LLC",www.voxmedia.com/a/vm,1,0,0,0,0,0,$44.82 ,$0.00 ,$0.00 ,$0.00 ,$0.00 ,$0.00 ,$8.96 
25/03/2021,742098-adgoal GmbH-www.adgoal.net,0,$225.25 ,0,$225.25 ,1,0,$6.76 ,0,$0.00 ,$220.36 ,742098,adgoal GmbH,www.adgoal.net,1,0,0,0,0,0,$6.76 ,$0.00 ,$0.00 ,$0.00 ,$0.00 ,$0.00 ,$1.35 
25/03/2021,514792-CBS Interactive Inc.-www.cnet.com,2,$199.20 ,0,$199.20 ,1,0,$23.90 ,50,"$1,195.00 ",$198.54 ,514792,CBS Interactive Inc.,www.cnet.com,1,0,0,0,0,0,$23.90 ,$0.00 ,$0.00 ,$0.00 ,$0.00 ,$0.00 ,$4.78 
25/03/2021,2053730-WW Affiliate-www.yourbestmattress247.com,32,$174.25 ,0,$174.25 ,1,0,$5.23 ,3.13,$16.34 ,$186.54 ,2053730,WW Affiliate,www.yourbestmattress247.com,1,0,0,0,0,0,$5.23 ,$0.00 ,$0.00 ,$0.00 ,$0.00 ,$0.00 ,$1.05 
25/03/2021,445875-Demand.io-knoji.com,8,$132.30 ,0,$132.30 ,1,0,$3.97 ,12.5,$49.63 ,$133.30 ,445875,Demand.io,knoji.com,1,0,0,0,0,0,$3.97 ,$0.00 ,$0.00 ,$0.00 ,$0.00 ,$0.00 ,$0.79 
25/03/2021,1663605-GSG North America LLC-coupons.businessinsider.com/,3,$80.00 ,0,$80.00 ,1,0,$8.00 ,33.33,$266.67 ,$82.00 ,1663605,GSG North America LLC,coupons.businessinsider.com/,1,0,0,0,0,0,$8.00 ,$0.00 ,$0.00 ,$0.00 ,$0.00 ,$0.00 ,$1.60 
25/03/2021,725033-ID.me Inc.-shop.id.me,50,$0.00 ,0,$0.00 ,0,0,$0.00 ,0,$0.00 ,$0.00 ,725033,"ID.me, Inc.",shop.id.me,0,0,0,0,0,0,$0.00 ,$0.00 ,$0.00 ,$0.00 ,$0.00 ,$0.00 ,$0.00 
25/03/2021,1584217-Trends Green-topnaturalmattresses.com,46,$0.00 ,0,$0.00 ,0,0,$0.00 ,0,$0.00 ,$0.00 ,1584217,Trends Green,topnaturalmattresses.com,0,0,0,0,0,0,$0.00 ,$0.00 ,$0.00 ,$0.00 ,$0.00 ,$0.00 ,$0.00 
25/03/2021,201285-12 Interactive LLC-www.perkspot.com,22,$0.00 ,0,$0.00 ,0,0,$0.00 ,0,$0.00 ,$0.00 ,201285,12 Interactive LLC,www.perkspot.com,0,0,0,0,0,0,$0.00 ,$0.00 ,$0.00 ,$0.00 ,$0.00 ,$0.00 ,$0.00 
25/03/2021,1773960-Tuck.com LLC-tuck.com,16,$0.00 ,0,$0.00 ,0,0,$0.00 ,0,$0.00 ,$0.00 ,1773960,"Tuck.com, LLC",tuck.com,0,0,0,0,0,0,$0.00 ,$0.00 ,$0.00 ,$0.00 ,$0.00 ,$0.00 ,$0.00 
25/03/2021,140995-Savings.com Inc-www.savings.com,10,$0.00 ,0,$0.00 ,0,0,$0.00 ,0,$0.00 ,$0.00 ,140995,Savings.com Inc,www.savings.com,0,0,0,0,0,0,$0.00 ,$0.00 ,$0.00 ,$0.00 ,$0.00 ,$0.00 ,$0.00 
25/03/2021,389818-VigLink Inc.-www.viglink.com,9,$0.00 ,0,$0.00 ,0,0,$0.00 ,0,$0.00 ,$0.00 ,389818,"VigLink, Inc.",www.viglink.com,0,0,0,0,0,0,$0.00 ,$0.00 ,$0.00 ,$0.00 ,$0.00 ,$0.00 ,$0.00 
25/03/2021,2284878-Tuck.com LLC-www.sleepfoundation.org/,9,$0.00 ,0,$0.00 ,0,0,$0.00 ,0,$0.00 ,$0.00 ,2284878,"Tuck.com, LLC",www.sleepfoundation.org/,0,0,0,0,0,0,$0.00 ,$0.00 ,$0.00 ,$0.00 ,$0.00 ,$0.00 ,$0.00 
25/03/2021,1014069-Mutzel Nutrition LLC-highintensityhealth.com/,7,$0.00 ,0,$0.00 ,0,0,$0.00 ,0,$0.00 ,$0.00 ,1014069,Mutzel Nutrition LLC,highintensityhealth.com/,0,0,0,0,0,0,$0.00 ,$0.00 ,$0.00 ,$0.00 ,$0.00 ,$0.00 ,$0.00 
25/03/2021,748814-Reviewed.com-www.reviewed.com,6,$0.00 ,0,$0.00 ,0,0,$0.00 ,0,$0.00 ,$0.00 ,748814,Reviewed.com,www.reviewed.com,0,0,0,0,0,0,$0.00 ,$0.00 ,$0.00 ,$0.00 ,$0.00 ,$0.00 ,$0.00 
25/03/2021,1238556-YIELDKIT GmbH-yieldkit.com,6,$0.00 ,0,$0.00 ,0,0,$0.00 ,0,$0.00 ,$0.00 ,1238556,YIELDKIT GmbH,yieldkit.com,0,0,0,0,0,0,$0.00 ,$0.00 ,$0.00 ,$0.00 ,$0.00 ,$0.00 ,$0.00 
25/03/2021,213636-SurfMyAds.com-www.promocodes.com,4,$0.00 ,0,$0.00 ,0,0,$0.00 ,0,$0.00 ,$0.00 ,213636,SurfMyAds.com,www.promocodes.com,0,0,0,0,0,0,$0.00 ,$0.00 ,$0.00 ,$0.00 ,$0.00 ,$0.00 ,$0.00 
25/03/2021,1413766-LinkGains (HK) Limited-www.hotdeals.com,4,$0.00 ,0,$0.00 ,0,0,$0.00 ,0,$0.00 ,$0.00 ,1413766,LinkGains (HK) Limited,www.hotdeals.com,0,0,0,0,0,0,$0.00 ,$0.00 ,$0.00 ,$0.00 ,$0.00 ,$0.00 ,$0.00 
25/03/2021,1772040-Meredith Corporation-www.realsimple.com/,4,$0.00 ,0,$0.00 ,0,0,$0.00 ,0,$0.00 ,$0.00 ,1772040,Meredith Corporation,www.realsimple.com/,0,0,0,0,0,0,$0.00 ,$0.00 ,$0.00 ,$0.00 ,$0.00 ,$0.00 ,$0.00 
25/03/2021,136482-Vertive LLC (Offers.com LLC.)-offers.com,3,$0.00 ,0,$0.00 ,0,0,$0.00 ,0,$0.00 ,$0.00 ,136482,"Vertive, LLC (Offers.com, LLC.)",offers.com,0,0,0,0,0,0,$0.00 ,$0.00 ,$0.00 ,$0.00 ,$0.00 ,$0.00 ,$0.00 
25/03/2021,1140999-Chichihaha Limited-www.couponbirds.com,3,$0.00 ,0,$0.00 ,0,0,$0.00 ,0,$0.00 ,$0.00 ,1140999,Chichihaha Limited,www.couponbirds.com,0,0,0,0,0,0,$0.00 ,$0.00 ,$0.00 ,$0.00 ,$0.00 ,$0.00 ,$0.00 
25/03/2021,1242889-RIZKNOWS LLC-www.rizknows.com,3,$0.00 ,0,$0.00 ,0,0,$0.00 ,0,$0.00 ,$0.00 ,1242889,RIZKNOWS LLC,www.rizknows.com,0,0,0,0,0,0,$0.00 ,$0.00 ,$0.00 ,$0.00 ,$0.00 ,$0.00 ,$0.00 
25/03/2021,2029250-CNN Interactive Group-www.cnn.com/cnn-underscored/,3,$0.00 ,0,$0.00 ,0,0,$0.00 ,0,$0.00 ,$0.00 ,2029250,CNN Interactive Group,www.cnn.com/cnn-underscored/,0,0,0,0,0,0,$0.00 ,$0.00 ,$0.00 ,$0.00 ,$0.00 ,$0.00 ,$0.00 
25/03/2021,193744-shareasaleaffnl@rmn.com-www.retailmenot.com,2,$0.00 ,0,$0.00 ,0,0,$0.00 ,0,$0.00 ,$0.00 ,193744,shareasaleaffnl@rmn.com,www.retailmenot.com,0,0,0,0,0,0,$0.00 ,$0.00 ,$0.00 ,$0.00 ,$0.00 ,$0.00 ,$0.00 
25/03/2021,721112-For Me To Coupon-www.fmtc.co,2,$0.00 ,0,$0.00 ,0,0,$0.00 ,0,$0.00 ,$0.00 ,721112,For Me To Coupon,www.fmtc.co,0,0,0,0,0,0,$0.00 ,$0.00 ,$0.00 ,$0.00 ,$0.00 ,$0.00 ,$0.00 
25/03/2021,745788-digidip GmbH-digidip.net,2,$0.00 ,0,$0.00 ,0,0,$0.00 ,0,$0.00 ,$0.00 ,745788,digidip GmbH,digidip.net,0,0,0,0,0,0,$0.00 ,$0.00 ,$0.00 ,$0.00 ,$0.00 ,$0.00 ,$0.00 
25/03/2021,930703-Antifragile Fit-antifragile.fit,2,$0.00 ,0,$0.00 ,0,0,$0.00 ,0,$0.00 ,$0.00 ,930703,Antifragile Fit,antifragile.fit,0,0,0,0,0,0,$0.00 ,$0.00 ,$0.00 ,$0.00 ,$0.00 ,$0.00 ,$0.00 
25/03/2021,1372745-SavvyShop-savvyshopworld.com,2,$0.00 ,0,$0.00 ,0,0,$0.00 ,0,$0.00 ,$0.00 ,1372745,SavvyShop,savvyshopworld.com,0,0,0,0,0,0,$0.00 ,$0.00 ,$0.00 ,$0.00 ,$0.00 ,$0.00 ,$0.00 
25/03/2021,2316883-HigherDOSE LLC-higherdose.com/,2,$0.00 ,0,$0.00 ,0,0,$0.00 ,0,$0.00 ,$0.00 ,2316883,HigherDOSE LLC,higherdose.com/,0,0,0,0,0,0,$0.00 ,$0.00 ,$0.00 ,$0.00 ,$0.00 ,$0.00 ,$0.00 
25/03/2021,154911-CouponCabin LLC-www.couponcabin.com,1,$0.00 ,0,$0.00 ,0,0,$0.00 ,0,$0.00 ,$0.00 ,154911,"CouponCabin, LLC",www.couponcabin.com,0,0,0,0,0,0,$0.00 ,$0.00 ,$0.00 ,$0.00 ,$0.00 ,$0.00 ,$0.00 
25/03/2021,318676-Capital Intellect Inc.-www.befrugal.com,1,$0.00 ,0,$0.00 ,0,0,$0.00 ,0,$0.00 ,$0.00 ,318676,"Capital Intellect, Inc.",www.befrugal.com,0,0,0,0,0,0,$0.00 ,$0.00 ,$0.00 ,$0.00 ,$0.00 ,$0.00 ,$0.00 
25/03/2021,1250612-Refermate LLC-www.refermate.com,1,$0.00 ,0,$0.00 ,0,0,$0.00 ,0,$0.00 ,$0.00 ,1250612,"Refermate, LLC",www.refermate.com,0,0,0,0,0,0,$0.00 ,$0.00 ,$0.00 ,$0.00 ,$0.00 ,$0.00 ,$0.00 
25/03/2021,1393373-CPAR Media Corp-www.coupongrind.com,1,$0.00 ,0,$0.00 ,0,0,$0.00 ,0,$0.00 ,$0.00 ,1393373,CPAR Media Corp,www.coupongrind.com,0,0,0,0,0,0,$0.00 ,$0.00 ,$0.00 ,$0.00 ,$0.00 ,$0.00 ,$0.00 
25/03/2021,1418817-MK INFOTECH LIMITED-www.anycodes.com,1,$0.00 ,0,$0.00 ,0,0,$0.00 ,0,$0.00 ,$0.00 ,1418817,MK INFOTECH LIMITED,www.anycodes.com,0,0,0,0,0,0,$0.00 ,$0.00 ,$0.00 ,$0.00 ,$0.00 ,$0.00 ,$0.00 
25/03/2021,1519404-Mariano Cordoba-marianocordoba.me,1,$0.00 ,0,$0.00 ,0,0,$0.00 ,0,$0.00 ,$0.00 ,1519404,Mariano Cordoba,marianocordoba.me,0,0,0,0,0,0,$0.00 ,$0.00 ,$0.00 ,$0.00 ,$0.00 ,$0.00 ,$0.00 
25/03/2021,1538097-Wildfire Systems Inc.-wildfire-corp.com,1,$0.00 ,0,$0.00 ,0,0,$0.00 ,0,$0.00 ,$0.00 ,1538097,"Wildfire Systems, Inc.",wildfire-corp.com,0,0,0,0,0,0,$0.00 ,$0.00 ,$0.00 ,$0.00 ,$0.00 ,$0.00 ,$0.00 
25/03/2021,1778626-Syed Hammad Hussain-www.couponsvolcano.com,1,$0.00 ,0,$0.00 ,0,0,$0.00 ,0,$0.00 ,$0.00 ,1778626,Syed Hammad Hussain,www.couponsvolcano.com,0,0,0,0,0,0,$0.00 ,$0.00 ,$0.00 ,$0.00 ,$0.00 ,$0.00 ,$0.00 
25/03/2021,2075116-Arif Bilal-www.fivestarcoupon.com/,1,$0.00 ,0,$0.00 ,0,0,$0.00 ,0,$0.00 ,$0.00 ,2075116,Arif Bilal,www.fivestarcoupon.com/,0,0,0,0,0,0,$0.00 ,$0.00 ,$0.00 ,$0.00 ,$0.00 ,$0.00 ,$0.00 
25/03/2021,2158274-Guillaume Jutras-Dornier-www.toptensitereviews.club,1,$0.00 ,0,$0.00 ,0,0,$0.00 ,0,$0.00 ,$0.00 ,2158274,Guillaume Jutras-Dornier,www.toptensitereviews.club,0,0,0,0,0,0,$0.00 ,$0.00 ,$0.00 ,$0.00 ,$0.00 ,$0.00 ,$0.00 
26/03/2021,1088116-Business Insider Inc.-www.businessinsider.com,52,$478.45 ,0,$478.45 ,2,0,$95.69 ,3.85,$184.02 ,$239.23 ,1088116,"Business Insider, Inc.",www.businessinsider.com,2,0,0,0,0,0,$95.69 ,$0.00 ,$0.00 ,$0.00 ,$0.00 ,$0.00 ,$19.14 
26/03/2021,725033-ID.me Inc.-shop.id.me,51,$398.40 ,0,$398.40 ,2,0,$11.96 ,3.92,$23.45 ,$199.20 ,725033,"ID.me, Inc.",shop.id.me,2,0,0,0,0,0,$11.96 ,$0.00 ,$0.00 ,$0.00 ,$0.00 ,$0.00 ,$2.40 
26/03/2021,445875-Demand.io-knoji.com,16,$324.80 ,0,$324.80 ,2,0,$9.74 ,12.5,$60.88 ,$162.40 ,445875,Demand.io,knoji.com,2,0,0,0,0,0,$9.74 ,$0.00 ,$0.00 ,$0.00 ,$0.00 ,$0.00 ,$1.95 
26/03/2021,2316883-HigherDOSE LLC-higherdose.com/,2,$135.00 ,0,$135.00 ,1,0,$13.50 ,50,$675.00 ,$135.00 ,2316883,HigherDOSE LLC,higherdose.com/,1,0,0,0,0,0,$13.50 ,$0.00 ,$0.00 ,$0.00 ,$0.00 ,$0.00 ,$2.70 
26/03/2021,314743-Skimbit Ltd-skimlinks.com,137,$115.00 ,0,$115.00 ,1,0,$17.25 ,0.73,$12.59 ,$115.00 ,314743,Skimbit Ltd,skimlinks.com,1,0,0,0,0,0,$17.25 ,$0.00 ,$0.00 ,$0.00 ,$0.00 ,$0.00 ,$3.45 
26/03/2021,1584217-Trends Green-topnaturalmattresses.com,35,$0.00 ,0,$0.00 ,0,0,$0.00 ,0,$0.00 ,$0.00 ,1584217,Trends Green,topnaturalmattresses.com,0,0,0,0,0,0,$0.00 ,$0.00 ,$0.00 ,$0.00 ,$0.00 ,$0.00 ,$0.00 
26/03/2021,1773960-Tuck.com LLC-tuck.com,23,$0.00 ,0,$0.00 ,0,0,$0.00 ,0,$0.00 ,$0.00 ,1773960,"Tuck.com, LLC",tuck.com,0,0,0,0,0,0,$0.00 ,$0.00 ,$0.00 ,$0.00 ,$0.00 ,$0.00 ,$0.00 
26/03/2021,201285-12 Interactive LLC-www.perkspot.com,10,$0.00 ,0,$0.00 ,0,0,$0.00 ,0,$0.00 ,$0.00 ,201285,12 Interactive LLC,www.perkspot.com,0,0,0,0,0,0,$0.00 ,$0.00 ,$0.00 ,$0.00 ,$0.00 ,$0.00 ,$0.00 
26/03/2021,1014069-Mutzel Nutrition LLC-highintensityhealth.com/,10,$0.00 ,0,$0.00 ,0,0,$0.00 ,0,$0.00 ,$0.00 ,1014069,Mutzel Nutrition LLC,highintensityhealth.com/,0,0,0,0,0,0,$0.00 ,$0.00 ,$0.00 ,$0.00 ,$0.00 ,$0.00 ,$0.00 
26/03/2021,140995-Savings.com Inc-www.savings.com,8,$0.00 ,0,$0.00 ,0,0,$0.00 ,0,$0.00 ,$0.00 ,140995,Savings.com Inc,www.savings.com,0,0,0,0,0,0,$0.00 ,$0.00 ,$0.00 ,$0.00 ,$0.00 ,$0.00 ,$0.00 
26/03/2021,1772040-Meredith Corporation-www.realsimple.com/,8,$0.00 ,0,$0.00 ,0,0,$0.00 ,0,$0.00 ,$0.00 ,1772040,Meredith Corporation,www.realsimple.com/,0,0,0,0,0,0,$0.00 ,$0.00 ,$0.00 ,$0.00 ,$0.00 ,$0.00 ,$0.00 
26/03/2021,389818-VigLink Inc.-www.viglink.com,6,$0.00 ,0,$0.00 ,0,0,$0.00 ,0,$0.00 ,$0.00 ,389818,"VigLink, Inc.",www.viglink.com,0,0,0,0,0,0,$0.00 ,$0.00 ,$0.00 ,$0.00 ,$0.00 ,$0.00 ,$0.00 
26/03/2021,748814-Reviewed.com-www.reviewed.com,6,$0.00 ,0,$0.00 ,0,0,$0.00 ,0,$0.00 ,$0.00 ,748814,Reviewed.com,www.reviewed.com,0,0,0,0,0,0,$0.00 ,$0.00 ,$0.00 ,$0.00 ,$0.00 ,$0.00 ,$0.00 
26/03/2021,2284878-Tuck.com LLC-www.sleepfoundation.org/,6,$0.00 ,0,$0.00 ,0,0,$0.00 ,0,$0.00 ,$0.00 ,2284878,"Tuck.com, LLC",www.sleepfoundation.org/,0,0,0,0,0,0,$0.00 ,$0.00 ,$0.00 ,$0.00 ,$0.00 ,$0.00 ,$0.00 
26/03/2021,193744-shareasaleaffnl@rmn.com-www.retailmenot.com,4,$0.00 ,0,$0.00 ,0,0,$0.00 ,0,$0.00 ,$0.00 ,193744,shareasaleaffnl@rmn.com,www.retailmenot.com,0,0,0,0,0,0,$0.00 ,$0.00 ,$0.00 ,$0.00 ,$0.00 ,$0.00 ,$0.00 
26/03/2021,1238556-YIELDKIT GmbH-yieldkit.com,4,$0.00 ,0,$0.00 ,0,0,$0.00 ,0,$0.00 ,$0.00 ,1238556,YIELDKIT GmbH,yieldkit.com,0,0,0,0,0,0,$0.00 ,$0.00 ,$0.00 ,$0.00 ,$0.00 ,$0.00 ,$0.00 
26/03/2021,1413766-LinkGains (HK) Limited-www.hotdeals.com,4,$0.00 ,0,$0.00 ,0,0,$0.00 ,0,$0.00 ,$0.00 ,1413766,LinkGains (HK) Limited,www.hotdeals.com,0,0,0,0,0,0,$0.00 ,$0.00 ,$0.00 ,$0.00 ,$0.00 ,$0.00 ,$0.00 
26/03/2021,136482-Vertive LLC (Offers.com LLC.)-offers.com,3,$0.00 ,0,$0.00 ,0,0,$0.00 ,0,$0.00 ,$0.00 ,136482,"Vertive, LLC (Offers.com, LLC.)",offers.com,0,0,0,0,0,0,$0.00 ,$0.00 ,$0.00 ,$0.00 ,$0.00 ,$0.00 ,$0.00 
26/03/2021,514792-CBS Interactive Inc.-www.cnet.com,3,$0.00 ,0,$0.00 ,0,0,$0.00 ,0,$0.00 ,$0.00 ,514792,CBS Interactive Inc.,www.cnet.com,0,0,0,0,0,0,$0.00 ,$0.00 ,$0.00 ,$0.00 ,$0.00 ,$0.00 ,$0.00 
26/03/2021,745788-digidip GmbH-digidip.net,3,$0.00 ,0,$0.00 ,0,0,$0.00 ,0,$0.00 ,$0.00 ,745788,digidip GmbH,digidip.net,0,0,0,0,0,0,$0.00 ,$0.00 ,$0.00 ,$0.00 ,$0.00 ,$0.00 ,$0.00 
26/03/2021,154911-CouponCabin LLC-www.couponcabin.com,2,$0.00 ,0,$0.00 ,0,0,$0.00 ,0,$0.00 ,$0.00 ,154911,"CouponCabin, LLC",www.couponcabin.com,0,0,0,0,0,0,$0.00 ,$0.00 ,$0.00 ,$0.00 ,$0.00 ,$0.00 ,$0.00 
26/03/2021,742098-adgoal GmbH-www.adgoal.net,2,$0.00 ,0,$0.00 ,0,0,$0.00 ,0,$0.00 ,$0.00 ,742098,adgoal GmbH,www.adgoal.net,0,0,0,0,0,0,$0.00 ,$0.00 ,$0.00 ,$0.00 ,$0.00 ,$0.00 ,$0.00 
26/03/2021,1250612-Refermate LLC-www.refermate.com,2,$0.00 ,0,$0.00 ,0,0,$0.00 ,0,$0.00 ,$0.00 ,1250612,"Refermate, LLC",www.refermate.com,0,0,0,0,0,0,$0.00 ,$0.00 ,$0.00 ,$0.00 ,$0.00 ,$0.00 ,$0.00 
26/03/2021,1307407-VerticalScope Inc.-thesleepjudge.com,2,$0.00 ,0,$0.00 ,0,0,$0.00 ,0,$0.00 ,$0.00 ,1307407,VerticalScope Inc.,thesleepjudge.com,0,0,0,0,0,0,$0.00 ,$0.00 ,$0.00 ,$0.00 ,$0.00 ,$0.00 ,$0.00 
26/03/2021,1372745-SavvyShop-savvyshopworld.com,2,$0.00 ,0,$0.00 ,0,0,$0.00 ,0,$0.00 ,$0.00 ,1372745,SavvyShop,savvyshopworld.com,0,0,0,0,0,0,$0.00 ,$0.00 ,$0.00 ,$0.00 ,$0.00 ,$0.00 ,$0.00 
26/03/2021,1578665-Mattress Advisor LLC-sleepopolis.com,2,$0.00 ,0,$0.00 ,0,0,$0.00 ,0,$0.00 ,$0.00 ,1578665,Mattress Advisor LLC,sleepopolis.com,0,0,0,0,0,0,$0.00 ,$0.00 ,$0.00 ,$0.00 ,$0.00 ,$0.00 ,$0.00 
26/03/2021,1663605-GSG North America LLC-coupons.businessinsider.com/,2,$0.00 ,0,$0.00 ,0,0,$0.00 ,0,$0.00 ,$0.00 ,1663605,GSG North America LLC,coupons.businessinsider.com/,0,0,0,0,0,0,$0.00 ,$0.00 ,$0.00 ,$0.00 ,$0.00 ,$0.00 ,$0.00 
26/03/2021,2053730-WW Affiliate-www.yourbestmattress247.com,2,$0.00 ,0,$0.00 ,0,0,$0.00 ,0,$0.00 ,$0.00 ,2053730,WW Affiliate,www.yourbestmattress247.com,0,0,0,0,0,0,$0.00 ,$0.00 ,$0.00 ,$0.00 ,$0.00 ,$0.00 ,$0.00 
26/03/2021,2292146-Olymp Technologies Inc-honestbrandreviews.com,2,$0.00 ,0,$0.00 ,0,0,$0.00 ,0,$0.00 ,$0.00 ,2292146,Olymp Technologies Inc,honestbrandreviews.com,0,0,0,0,0,0,$0.00 ,$0.00 ,$0.00 ,$0.00 ,$0.00 ,$0.00 ,$0.00 
26/03/2021,213636-SurfMyAds.com-www.promocodes.com,1,$0.00 ,0,$0.00 ,0,0,$0.00 ,0,$0.00 ,$0.00 ,213636,SurfMyAds.com,www.promocodes.com,0,0,0,0,0,0,$0.00 ,$0.00 ,$0.00 ,$0.00 ,$0.00 ,$0.00 ,$0.00 
26/03/2021,318676-Capital Intellect Inc.-www.befrugal.com,1,$0.00 ,0,$0.00 ,0,0,$0.00 ,0,$0.00 ,$0.00 ,318676,"Capital Intellect, Inc.",www.befrugal.com,0,0,0,0,0,0,$0.00 ,$0.00 ,$0.00 ,$0.00 ,$0.00 ,$0.00 ,$0.00 
26/03/2021,1140999-Chichihaha Limited-www.couponbirds.com,1,$0.00 ,0,$0.00 ,0,0,$0.00 ,0,$0.00 ,$0.00 ,1140999,Chichihaha Limited,www.couponbirds.com,0,0,0,0,0,0,$0.00 ,$0.00 ,$0.00 ,$0.00 ,$0.00 ,$0.00 ,$0.00 
26/03/2021,1225169-Vox Media LLC-www.voxmedia.com/a/vm,1,$0.00 ,0,$0.00 ,0,0,$0.00 ,0,$0.00 ,$0.00 ,1225169,"Vox Media, LLC",www.voxmedia.com/a/vm,0,0,0,0,0,0,$0.00 ,$0.00 ,$0.00 ,$0.00 ,$0.00 ,$0.00 ,$0.00 
26/03/2021,1242889-RIZKNOWS LLC-www.rizknows.com,1,$0.00 ,0,$0.00 ,0,0,$0.00 ,0,$0.00 ,$0.00 ,1242889,RIZKNOWS LLC,www.rizknows.com,0,0,0,0,0,0,$0.00 ,$0.00 ,$0.00 ,$0.00 ,$0.00 ,$0.00 ,$0.00 
26/03/2021,1519404-Mariano Cordoba-marianocordoba.me,1,$0.00 ,0,$0.00 ,0,0,$0.00 ,0,$0.00 ,$0.00 ,1519404,Mariano Cordoba,marianocordoba.me,0,0,0,0,0,0,$0.00 ,$0.00 ,$0.00 ,$0.00 ,$0.00 ,$0.00 ,$0.00 
26/03/2021,1693896-Karen Shopoff Rooff-www.wellbalancedwomen.com,1,$0.00 ,0,$0.00 ,0,0,$0.00 ,0,$0.00 ,$0.00 ,1693896,Karen Shopoff Rooff,www.wellbalancedwomen.com,0,0,0,0,0,0,$0.00 ,$0.00 ,$0.00 ,$0.00 ,$0.00 ,$0.00 ,$0.00 
29/03/2021,947175-Mattress Advisor LLC-mattressclarity.com,14,$697.00 ,0,$697.00 ,2,0,$104.55 ,14.29,$746.79 ,$348.50 ,947175,Mattress Advisor LLC,mattressclarity.com,2,0,0,0,0,0,$104.55 ,$0.00 ,$0.00 ,$0.00 ,$0.00 ,$0.00 ,$20.91 
29/03/2021,431460-COUPONISM INC.-www.couponism.com/,6,"$1,121.00 ",0,"$1,121.00 ",4,0,$56.05 ,66.67,$934.17 ,$280.25 ,431460,COUPONISM INC.,www.couponism.com/,4,0,0,0,0,0,$56.05 ,$0.00 ,$0.00 ,$0.00 ,$0.00 ,$0.00 ,$11.21 
29/03/2021,389818-VigLink Inc.-www.viglink.com,244,$333.20 ,0,$333.20 ,2,0,$49.98 ,0.82,$20.48 ,$166.60 ,389818,"VigLink, Inc.",www.viglink.com,2,0,0,0,0,0,$49.98 ,$0.00 ,$0.00 ,$0.00 ,$0.00 ,$0.00 ,$10.00 
29/03/2021,1441104-NonBiased Inc.-nonbiasedreviews.com,1,$385.20 ,0,$385.20 ,1,0,$38.52 ,100,"$3,852.00 ",$385.20 ,1441104,NonBiased Inc.,nonbiasedreviews.com,1,0,0,0,0,0,$38.52 ,$0.00 ,$0.00 ,$0.00 ,$0.00 ,$0.00 ,$7.70 
29/03/2021,2134380-naeem mohammad-www.simplecodez.com/,1,$499.00 ,0,$499.00 ,1,0,$24.95 ,100,"$2,495.00 ",$499.00 ,2134380,naeem mohammad,www.simplecodez.com/,1,0,0,0,0,0,$24.95 ,$0.00 ,$0.00 ,$0.00 ,$0.00 ,$0.00 ,$4.99 
29/03/2021,1250612-Refermate LLC-www.refermate.com,4,$299.00 ,0,$299.00 ,1,0,$14.95 ,25,$373.75 ,$299.00 ,1250612,"Refermate, LLC",www.refermate.com,1,0,0,0,0,0,$14.95 ,$0.00 ,$0.00 ,$0.00 ,$0.00 ,$0.00 ,$2.99 
29/03/2021,1375544-REE SOLUTIONS INC-www.reecoupons.com,3,$274.00 ,0,$274.00 ,1,0,$13.70 ,33.33,$456.67 ,$274.00 ,1375544,REE SOLUTIONS INC,www.reecoupons.com,1,0,0,0,0,0,$13.70 ,$0.00 ,$0.00 ,$0.00 ,$0.00 ,$0.00 ,$2.74 
29/03/2021,927360-Coupon Gents LLC-coupongents.us,5,$269.10 ,0,$269.10 ,1,0,$13.46 ,20,$269.20 ,$269.10 ,927360,"Coupon Gents, LLC",coupongents.us,1,0,0,0,0,0,$13.46 ,$0.00 ,$0.00 ,$0.00 ,$0.00 ,$0.00 ,$2.69 
29/03/2021,1140999-Chichihaha Limited-www.couponbirds.com,5,$269.10 ,0,$269.10 ,1,0,$13.46 ,20,$269.20 ,$269.10 ,1140999,Chichihaha Limited,www.couponbirds.com,1,0,0,0,0,0,$13.46 ,$0.00 ,$0.00 ,$0.00 ,$0.00 ,$0.00 ,$2.69 
29/03/2021,445875-Demand.io-knoji.com,5,$99.00 ,0,$99.00 ,1,0,$4.95 ,20,$99.00 ,$99.00 ,445875,Demand.io,knoji.com,1,0,0,0,0,0,$4.95 ,$0.00 ,$0.00 ,$0.00 ,$0.00 ,$0.00 ,$0.99 
29/03/2021,314743-Skimbit Ltd-skimlinks.com,12,$0.00 ,0,$0.00 ,0,0,$0.00 ,0,$0.00 ,$0.00 ,314743,Skimbit Ltd,skimlinks.com,0,0,0,0,0,0,$0.00 ,$0.00 ,$0.00 ,$0.00 ,$0.00 ,$0.00 ,$0.00 
29/03/2021,1422007-Christiaan Moberg-www.slumbersearch.com,7,$0.00 ,0,$0.00 ,0,0,$0.00 ,0,$0.00 ,$0.00 ,1422007,Christiaan Moberg,www.slumbersearch.com,0,0,0,0,0,0,$0.00 ,$0.00 ,$0.00 ,$0.00 ,$0.00 ,$0.00 ,$0.00 
29/03/2021,967949-Common News Update LLC-www.commonnewsupdate.com,4,$0.00 ,0,$0.00 ,0,0,$0.00 ,0,$0.00 ,$0.00 ,967949,"Common News Update, LLC",www.commonnewsupdate.com,0,0,0,0,0,0,$0.00 ,$0.00 ,$0.00 ,$0.00 ,$0.00 ,$0.00 ,$0.00 
29/03/2021,1238556-YIELDKIT GmbH-yieldkit.com,4,$0.00 ,0,$0.00 ,0,0,$0.00 ,0,$0.00 ,$0.00 ,1238556,YIELDKIT GmbH,yieldkit.com,0,0,0,0,0,0,$0.00 ,$0.00 ,$0.00 ,$0.00 ,$0.00 ,$0.00 ,$0.00 
29/03/2021,512696-MyPoints.com Inc.-www.mypoints.com,2,$0.00 ,0,$0.00 ,0,0,$0.00 ,0,$0.00 ,$0.00 ,512696,"MyPoints.com, Inc.",www.mypoints.com,0,0,0,0,0,0,$0.00 ,$0.00 ,$0.00 ,$0.00 ,$0.00 ,$0.00 ,$0.00 
29/03/2021,742098-adgoal GmbH-www.adgoal.net,2,$0.00 ,0,$0.00 ,0,0,$0.00 ,0,$0.00 ,$0.00 ,742098,adgoal GmbH,www.adgoal.net,0,0,0,0,0,0,$0.00 ,$0.00 ,$0.00 ,$0.00 ,$0.00 ,$0.00 ,$0.00 
29/03/2021,1052535-ZYMSOL-www.dealsdir.com,2,$0.00 ,0,$0.00 ,0,0,$0.00 ,0,$0.00 ,$0.00 ,1052535,ZYMSOL,www.dealsdir.com,0,0,0,0,0,0,$0.00 ,$0.00 ,$0.00 ,$0.00 ,$0.00 ,$0.00 ,$0.00 
29/03/2021,1393373-CPAR Media Corp-www.coupongrind.com,2,$0.00 ,0,$0.00 ,0,0,$0.00 ,0,$0.00 ,$0.00 ,1393373,CPAR Media Corp,www.coupongrind.com,0,0,0,0,0,0,$0.00 ,$0.00 ,$0.00 ,$0.00 ,$0.00 ,$0.00 ,$0.00 
29/03/2021,318676-Capital Intellect Inc.-www.befrugal.com,1,$0.00 ,0,$0.00 ,0,0,$0.00 ,0,$0.00 ,$0.00 ,318676,"Capital Intellect, Inc.",www.befrugal.com,0,0,0,0,0,0,$0.00 ,$0.00 ,$0.00 ,$0.00 ,$0.00 ,$0.00 ,$0.00 
29/03/2021,709810-Prodege LLC-www.swagbucks.com,1,$0.00 ,0,$0.00 ,0,0,$0.00 ,0,$0.00 ,$0.00 ,709810,Prodege LLC,www.swagbucks.com,0,0,0,0,0,0,$0.00 ,$0.00 ,$0.00 ,$0.00 ,$0.00 ,$0.00 ,$0.00 
29/03/2021,1413766-LinkGains (HK) Limited-www.hotdeals.com,1,$0.00 ,0,$0.00 ,0,0,$0.00 ,0,$0.00 ,$0.00 ,1413766,LinkGains (HK) Limited,www.hotdeals.com,0,0,0,0,0,0,$0.00 ,$0.00 ,$0.00 ,$0.00 ,$0.00 ,$0.00 ,$0.00 
29/03/2021,1538097-Wildfire Systems Inc.-wildfire-corp.com,1,$0.00 ,0,$0.00 ,0,0,$0.00 ,0,$0.00 ,$0.00 ,1538097,"Wildfire Systems, Inc.",wildfire-corp.com,0,0,0,0,0,0,$0.00 ,$0.00 ,$0.00 ,$0.00 ,$0.00 ,$0.00 ,$0.00 
29/03/2021,1617214-ShopAtHome.com LLC-www.shopathome.com,1,$0.00 ,0,$0.00 ,0,0,$0.00 ,0,$0.00 ,$0.00 ,1617214,"ShopAtHome.com, LLC",www.shopathome.com,0,0,0,0,0,0,$0.00 ,$0.00 ,$0.00 ,$0.00 ,$0.00 ,$0.00 ,$0.00 
29/03/2021,1705307-Muhammad Bilal-www.discountcodez.com/,1,$0.00 ,0,$0.00 ,0,0,$0.00 ,0,$0.00 ,$0.00 ,1705307,Muhammad Bilal,www.discountcodez.com/,0,0,0,0,0,0,$0.00 ,$0.00 ,$0.00 ,$0.00 ,$0.00 ,$0.00 ,$0.00 
30/03/2021,389818-VigLink Inc.-www.viglink.com,157,$598.00 ,0,$598.00 ,1,0,$89.70 ,0.64,$57.13 ,$598.00 ,389818,"VigLink, Inc.",www.viglink.com,1,0,0,0,0,0,$89.70 ,$0.00 ,$0.00 ,$0.00 ,$0.00 ,$0.00 ,$17.94 
30/03/2021,947175-Mattress Advisor LLC-mattressclarity.com,8,$499.00 ,0,$499.00 ,1,0,$74.85 ,12.5,$935.63 ,$499.00 ,947175,Mattress Advisor LLC,mattressclarity.com,1,0,0,0,0,0,$74.85 ,$0.00 ,$0.00 ,$0.00 ,$0.00 ,$0.00 ,$14.97 
30/03/2021,1140999-Chichihaha Limited-www.couponbirds.com,5,$654.30 ,0,$654.30 ,2,0,$32.71 ,40,$654.20 ,$327.15 ,1140999,Chichihaha Limited,www.couponbirds.com,2,0,0,0,0,0,$32.71 ,$0.00 ,$0.00 ,$0.00 ,$0.00 ,$0.00 ,$6.54 
30/03/2021,2134380-naeem mohammad-www.simplecodez.com/,1,$499.00 ,0,$499.00 ,1,0,$24.95 ,100,"$2,495.00 ",$499.00 ,2134380,naeem mohammad,www.simplecodez.com/,1,0,0,0,0,0,$24.95 ,$0.00 ,$0.00 ,$0.00 ,$0.00 ,$0.00 ,$4.99 
30/03/2021,742098-adgoal GmbH-www.adgoal.net,5,$385.20 ,0,$385.20 ,1,0,$19.26 ,20,$385.20 ,$385.20 ,742098,adgoal GmbH,www.adgoal.net,1,0,0,0,0,0,$19.26 ,$0.00 ,$0.00 ,$0.00 ,$0.00 ,$0.00 ,$3.85 
30/03/2021,1375544-REE SOLUTIONS INC-www.reecoupons.com,6,$299.00 ,0,$299.00 ,1,0,$14.95 ,16.67,$249.17 ,$299.00 ,1375544,REE SOLUTIONS INC,www.reecoupons.com,1,0,0,0,0,0,$14.95 ,$0.00 ,$0.00 ,$0.00 ,$0.00 ,$0.00 ,$2.99 
30/03/2021,1052535-ZYMSOL-www.dealsdir.com,1,$299.00 ,0,$299.00 ,1,0,$14.95 ,100,"$1,495.00 ",$299.00 ,1052535,ZYMSOL,www.dealsdir.com,1,0,0,0,0,0,$14.95 ,$0.00 ,$0.00 ,$0.00 ,$0.00 ,$0.00 ,$2.99 
30/03/2021,431460-COUPONISM INC.-www.couponism.com/,4,$274.00 ,0,$274.00 ,1,0,$13.70 ,25,$342.50 ,$274.00 ,431460,COUPONISM INC.,www.couponism.com/,1,0,0,0,0,0,$13.70 ,$0.00 ,$0.00 ,$0.00 ,$0.00 ,$0.00 ,$2.74 
30/03/2021,1250612-Refermate LLC-www.refermate.com,4,$274.00 ,0,$274.00 ,1,0,$13.70 ,25,$342.50 ,$274.00 ,1250612,"Refermate, LLC",www.refermate.com,1,0,0,0,0,0,$13.70 ,$0.00 ,$0.00 ,$0.00 ,$0.00 ,$0.00 ,$2.74 
30/03/2021,314743-Skimbit Ltd-skimlinks.com,18,$0.00 ,0,$0.00 ,0,0,$0.00 ,0,$0.00 ,$0.00 ,314743,Skimbit Ltd,skimlinks.com,0,0,0,0,0,0,$0.00 ,$0.00 ,$0.00 ,$0.00 ,$0.00 ,$0.00 ,$0.00 
30/03/2021,1422007-Christiaan Moberg-www.slumbersearch.com,8,$0.00 ,0,$0.00 ,0,0,$0.00 ,0,$0.00 ,$0.00 ,1422007,Christiaan Moberg,www.slumbersearch.com,0,0,0,0,0,0,$0.00 ,$0.00 ,$0.00 ,$0.00 ,$0.00 ,$0.00 ,$0.00 
30/03/2021,445875-Demand.io-knoji.com,6,$0.00 ,0,$0.00 ,0,0,$0.00 ,0,$0.00 ,$0.00 ,445875,Demand.io,knoji.com,0,0,0,0,0,0,$0.00 ,$0.00 ,$0.00 ,$0.00 ,$0.00 ,$0.00 ,$0.00 
30/03/2021,927360-Coupon Gents LLC-coupongents.us,5,$0.00 ,0,$0.00 ,0,0,$0.00 ,0,$0.00 ,$0.00 ,927360,"Coupon Gents, LLC",coupongents.us,0,0,0,0,0,0,$0.00 ,$0.00 ,$0.00 ,$0.00 ,$0.00 ,$0.00 ,$0.00 
30/03/2021,2210707-Muhammad Faheem Khan-www.perfectcodez.com/,3,$0.00 ,0,$0.00 ,0,0,$0.00 ,0,$0.00 ,$0.00 ,2210707,Muhammad Faheem Khan,www.perfectcodez.com/,0,0,0,0,0,0,$0.00 ,$0.00 ,$0.00 ,$0.00 ,$0.00 ,$0.00 ,$0.00 
30/03/2021,318676-Capital Intellect Inc.-www.befrugal.com,1,$0.00 ,0,$0.00 ,0,0,$0.00 ,0,$0.00 ,$0.00 ,318676,"Capital Intellect, Inc.",www.befrugal.com,0,0,0,0,0,0,$0.00 ,$0.00 ,$0.00 ,$0.00 ,$0.00 ,$0.00 ,$0.00 
30/03/2021,512696-MyPoints.com Inc.-www.mypoints.com,1,$0.00 ,0,$0.00 ,0,0,$0.00 ,0,$0.00 ,$0.00 ,512696,"MyPoints.com, Inc.",www.mypoints.com,0,0,0,0,0,0,$0.00 ,$0.00 ,$0.00 ,$0.00 ,$0.00 ,$0.00 ,$0.00 
30/03/2021,709810-Prodege LLC-www.swagbucks.com,1,$0.00 ,0,$0.00 ,0,0,$0.00 ,0,$0.00 ,$0.00 ,709810,Prodege LLC,www.swagbucks.com,0,0,0,0,0,0,$0.00 ,$0.00 ,$0.00 ,$0.00 ,$0.00 ,$0.00 ,$0.00 
30/03/2021,748814-Reviewed.com-www.reviewed.com,1,$0.00 ,0,$0.00 ,0,0,$0.00 ,0,$0.00 ,$0.00 ,748814,Reviewed.com,www.reviewed.com,0,0,0,0,0,0,$0.00 ,$0.00 ,$0.00 ,$0.00 ,$0.00 ,$0.00 ,$0.00 
30/03/2021,824466-Mazitsol-wativ.com,1,$0.00 ,0,$0.00 ,0,0,$0.00 ,0,$0.00 ,$0.00 ,824466,Mazitsol,wativ.com,0,0,0,0,0,0,$0.00 ,$0.00 ,$0.00 ,$0.00 ,$0.00 ,$0.00 ,$0.00 
30/03/2021,862413-Prodege LLC-www.couponcause.com,1,$0.00 ,0,$0.00 ,0,0,$0.00 ,0,$0.00 ,$0.00 ,862413,"Prodege, LLC",www.couponcause.com,0,0,0,0,0,0,$0.00 ,$0.00 ,$0.00 ,$0.00 ,$0.00 ,$0.00 ,$0.00 
30/03/2021,967949-Common News Update LLC-www.commonnewsupdate.com,1,$0.00 ,0,$0.00 ,0,0,$0.00 ,0,$0.00 ,$0.00 ,967949,"Common News Update, LLC",www.commonnewsupdate.com,0,0,0,0,0,0,$0.00 ,$0.00 ,$0.00 ,$0.00 ,$0.00 ,$0.00 ,$0.00 
30/03/2021,1238556-YIELDKIT GmbH-yieldkit.com,1,$0.00 ,0,$0.00 ,0,0,$0.00 ,0,$0.00 ,$0.00 ,1238556,YIELDKIT GmbH,yieldkit.com,0,0,0,0,0,0,$0.00 ,$0.00 ,$0.00 ,$0.00 ,$0.00 ,$0.00 ,$0.00 
30/03/2021,1413766-LinkGains (HK) Limited-www.hotdeals.com,1,$0.00 ,0,$0.00 ,0,0,$0.00 ,0,$0.00 ,$0.00 ,1413766,LinkGains (HK) Limited,www.hotdeals.com,0,0,0,0,0,0,$0.00 ,$0.00 ,$0.00 ,$0.00 ,$0.00 ,$0.00 ,$0.00 
30/03/2021,1441104-NonBiased Inc.-nonbiasedreviews.com,1,$0.00 ,0,$0.00 ,0,0,$0.00 ,0,$0.00 ,$0.00 ,1441104,NonBiased Inc.,nonbiasedreviews.com,0,0,0,0,0,0,$0.00 ,$0.00 ,$0.00 ,$0.00 ,$0.00 ,$0.00 ,$0.00 
30/03/2021,1519404-Mariano Cordoba-marianocordoba.me,1,$0.00 ,0,$0.00 ,0,0,$0.00 ,0,$0.00 ,$0.00 ,1519404,Mariano Cordoba,marianocordoba.me,0,0,0,0,0,0,$0.00 ,$0.00 ,$0.00 ,$0.00 ,$0.00 ,$0.00 ,$0.00 
30/03/2021,1538097-Wildfire Systems Inc.-wildfire-corp.com,1,$0.00 ,0,$0.00 ,0,0,$0.00 ,0,$0.00 ,$0.00 ,1538097,"Wildfire Systems, Inc.",wildfire-corp.com,0,0,0,0,0,0,$0.00 ,$0.00 ,$0.00 ,$0.00 ,$0.00 ,$0.00 ,$0.00 
30/03/2021,1597262-Tabita Simrin-www.pennysaviour.com/,1,$0.00 ,0,$0.00 ,0,0,$0.00 ,0,$0.00 ,$0.00 ,1597262,Tabita Simrin,www.pennysaviour.com/,0,0,0,0,0,0,$0.00 ,$0.00 ,$0.00 ,$0.00 ,$0.00 ,$0.00 ,$0.00 
30/03/2021,1617214-ShopAtHome.com LLC-www.shopathome.com,1,$0.00 ,0,$0.00 ,0,0,$0.00 ,0,$0.00 ,$0.00 ,1617214,"ShopAtHome.com, LLC",www.shopathome.com,0,0,0,0,0,0,$0.00 ,$0.00 ,$0.00 ,$0.00 ,$0.00 ,$0.00 ,$0.00 
30/03/2021,1693166-Vazeer Swetha-www.uptocoupons.com,1,$0.00 ,0,$0.00 ,0,0,$0.00 ,0,$0.00 ,$0.00 ,1693166,Vazeer Swetha,www.uptocoupons.com,0,0,0,0,0,0,$0.00 ,$0.00 ,$0.00 ,$0.00 ,$0.00 ,$0.00 ,$0.00 
30/03/2021,1738672-Bin Yin-www.couponpa.com,1,$0.00 ,0,$0.00 ,0,0,$0.00 ,0,$0.00 ,$0.00 ,1738672,Bin Yin,www.couponpa.com,0,0,0,0,0,0,$0.00 ,$0.00 ,$0.00 ,$0.00 ,$0.00 ,$0.00 ,$0.00 
30/03/2021,1778626-Syed Hammad Hussain-www.couponsvolcano.com,1,$0.00 ,0,$0.00 ,0,0,$0.00 ,0,$0.00 ,$0.00 ,1778626,Syed Hammad Hussain,www.couponsvolcano.com,0,0,0,0,0,0,$0.00 ,$0.00 ,$0.00 ,$0.00 ,$0.00 ,$0.00 ,$0.00 
30/03/2021,1804567-VIVEK SOMNATHBHAI MADGUNDI-www.savingtrendy.com/,1,$0.00 ,0,$0.00 ,0,0,$0.00 ,0,$0.00 ,$0.00 ,1804567,VIVEK SOMNATHBHAI MADGUNDI,www.savingtrendy.com/,0,0,0,0,0,0,$0.00 ,$0.00 ,$0.00 ,$0.00 ,$0.00 ,$0.00 ,$0.00 
30/03/2021,1901339-Ravi Rajani-www.couponskiss.com,1,$0.00 ,0,$0.00 ,0,0,$0.00 ,0,$0.00 ,$0.00 ,1901339,Ravi Rajani,www.couponskiss.com,0,0,0,0,0,0,$0.00 ,$0.00 ,$0.00 ,$0.00 ,$0.00 ,$0.00 ,$0.00 
30/03/2021,2136377-Jasim-www.cantpayfull.com/,1,$0.00 ,0,$0.00 ,0,0,$0.00 ,0,$0.00 ,$0.00 ,2136377,Jasim,www.cantpayfull.com/,0,0,0,0,0,0,$0.00 ,$0.00 ,$0.00 ,$0.00 ,$0.00 ,$0.00 ,$0.00 
31/03/2021,314743-Skimbit Ltd-skimlinks.com,14,$955.00 ,0,$955.00 ,2,0,$171.90 ,14.29,"$1,227.86 ",$477.50 ,314743,Skimbit Ltd,skimlinks.com,2,0,0,0,0,0,$171.90 ,$0.00 ,$0.00 ,$0.00 ,$0.00 ,$0.00 ,$34.38 
31/03/2021,1375544-REE SOLUTIONS INC-www.reecoupons.com,6,"$1,868.00 ",0,"$1,868.00 ",2,0,$93.40 ,33.33,"$1,556.67 ",$934.00 ,1375544,REE SOLUTIONS INC,www.reecoupons.com,2,0,0,0,0,0,$93.40 ,$0.00 ,$0.00 ,$0.00 ,$0.00 ,$0.00 ,$18.68 
31/03/2021,947175-Mattress Advisor LLC-mattressclarity.com,10,$385.20 ,0,$385.20 ,1,0,$57.78 ,10,$577.80 ,$385.20 ,947175,Mattress Advisor LLC,mattressclarity.com,1,0,0,0,0,0,$57.78 ,$0.00 ,$0.00 ,$0.00 ,$0.00 ,$0.00 ,$11.56 
31/03/2021,1705307-Muhammad Bilal-www.discountcodez.com/,3,$573.00 ,0,$573.00 ,2,0,$28.65 ,66.67,$955.00 ,$286.50 ,1705307,Muhammad Bilal,www.discountcodez.com/,2,0,0,0,0,0,$28.65 ,$0.00 ,$0.00 ,$0.00 ,$0.00 ,$0.00 ,$5.73 
31/03/2021,967949-Common News Update LLC-www.commonnewsupdate.com,4,$499.00 ,0,$499.00 ,1,0,$24.95 ,25,$623.75 ,$499.00 ,967949,"Common News Update, LLC",www.commonnewsupdate.com,1,0,0,0,0,0,$24.95 ,$0.00 ,$0.00 ,$0.00 ,$0.00 ,$0.00 ,$4.99 
31/03/2021,318676-Capital Intellect Inc.-www.befrugal.com,2,$299.00 ,0,$299.00 ,1,0,$14.95 ,50,$747.50 ,$299.00 ,318676,"Capital Intellect, Inc.",www.befrugal.com,1,0,0,0,0,0,$14.95 ,$0.00 ,$0.00 ,$0.00 ,$0.00 ,$0.00 ,$2.99 
31/03/2021,1052535-ZYMSOL-www.dealsdir.com,2,$299.00 ,0,$299.00 ,1,0,$14.95 ,50,$747.50 ,$299.00 ,1052535,ZYMSOL,www.dealsdir.com,1,0,0,0,0,0,$14.95 ,$0.00 ,$0.00 ,$0.00 ,$0.00 ,$0.00 ,$2.99 
31/03/2021,431460-COUPONISM INC.-www.couponism.com/,9,$274.00 ,0,$274.00 ,1,0,$13.70 ,11.11,$152.22 ,$274.00 ,431460,COUPONISM INC.,www.couponism.com/,1,0,0,0,0,0,$13.70 ,$0.00 ,$0.00 ,$0.00 ,$0.00 ,$0.00 ,$2.74 
31/03/2021,927360-Coupon Gents LLC-coupongents.us,1,$269.10 ,0,$269.10 ,1,0,$13.46 ,100,"$1,346.00 ",$269.10 ,927360,"Coupon Gents, LLC",coupongents.us,1,0,0,0,0,0,$13.46 ,$0.00 ,$0.00 ,$0.00 ,$0.00 ,$0.00 ,$2.69 
31/03/2021,824466-Mazitsol-wativ.com,0,$232.20 ,0,$232.20 ,2,0,$11.60 ,0,$0.00 ,$116.10 ,824466,Mazitsol,wativ.com,2,0,0,0,0,0,$11.60 ,$0.00 ,$0.00 ,$0.00 ,$0.00 ,$0.00 ,$2.32 
31/03/2021,389818-VigLink Inc.-www.viglink.com,160,$0.00 ,0,$0.00 ,0,0,$0.00 ,0,$0.00 ,$0.00 ,389818,"VigLink, Inc.",www.viglink.com,0,0,0,0,0,0,$0.00 ,$0.00 ,$0.00 ,$0.00 ,$0.00 ,$0.00 ,$0.00 
31/03/2021,1238556-YIELDKIT GmbH-yieldkit.com,6,$0.00 ,0,$0.00 ,0,0,$0.00 ,0,$0.00 ,$0.00 ,1238556,YIELDKIT GmbH,yieldkit.com,0,0,0,0,0,0,$0.00 ,$0.00 ,$0.00 ,$0.00 ,$0.00 ,$0.00 ,$0.00 
31/03/2021,445875-Demand.io-knoji.com,5,$0.00 ,0,$0.00 ,0,0,$0.00 ,0,$0.00 ,$0.00 ,445875,Demand.io,knoji.com,0,0,0,0,0,0,$0.00 ,$0.00 ,$0.00 ,$0.00 ,$0.00 ,$0.00 ,$0.00 
31/03/2021,2134380-naeem mohammad-www.simplecodez.com/,4,$0.00 ,0,$0.00 ,0,0,$0.00 ,0,$0.00 ,$0.00 ,2134380,naeem mohammad,www.simplecodez.com/,0,0,0,0,0,0,$0.00 ,$0.00 ,$0.00 ,$0.00 ,$0.00 ,$0.00 ,$0.00 
31/03/2021,512696-MyPoints.com Inc.-www.mypoints.com,2,$0.00 ,0,$0.00 ,0,0,$0.00 ,0,$0.00 ,$0.00 ,512696,"MyPoints.com, Inc.",www.mypoints.com,0,0,0,0,0,0,$0.00 ,$0.00 ,$0.00 ,$0.00 ,$0.00 ,$0.00 ,$0.00 
31/03/2021,1140999-Chichihaha Limited-www.couponbirds.com,2,$0.00 ,0,$0.00 ,0,0,$0.00 ,0,$0.00 ,$0.00 ,1140999,Chichihaha Limited,www.couponbirds.com,0,0,0,0,0,0,$0.00 ,$0.00 ,$0.00 ,$0.00 ,$0.00 ,$0.00 ,$0.00 
31/03/2021,1250612-Refermate LLC-www.refermate.com,2,$0.00 ,0,$0.00 ,0,0,$0.00 ,0,$0.00 ,$0.00 ,1250612,"Refermate, LLC",www.refermate.com,0,0,0,0,0,0,$0.00 ,$0.00 ,$0.00 ,$0.00 ,$0.00 ,$0.00 ,$0.00 
31/03/2021,1393373-CPAR Media Corp-www.coupongrind.com,2,$0.00 ,0,$0.00 ,0,0,$0.00 ,0,$0.00 ,$0.00 ,1393373,CPAR Media Corp,www.coupongrind.com,0,0,0,0,0,0,$0.00 ,$0.00 ,$0.00 ,$0.00 ,$0.00 ,$0.00 ,$0.00 
31/03/2021,1422007-Christiaan Moberg-www.slumbersearch.com,2,$0.00 ,0,$0.00 ,0,0,$0.00 ,0,$0.00 ,$0.00 ,1422007,Christiaan Moberg,www.slumbersearch.com,0,0,0,0,0,0,$0.00 ,$0.00 ,$0.00 ,$0.00 ,$0.00 ,$0.00 ,$0.00 
31/03/2021,1617214-ShopAtHome.com LLC-www.shopathome.com,2,$0.00 ,0,$0.00 ,0,0,$0.00 ,0,$0.00 ,$0.00 ,1617214,"ShopAtHome.com, LLC",www.shopathome.com,0,0,0,0,0,0,$0.00 ,$0.00 ,$0.00 ,$0.00 ,$0.00 ,$0.00 ,$0.00 
31/03/2021,709810-Prodege LLC-www.swagbucks.com,1,$0.00 ,0,$0.00 ,0,0,$0.00 ,0,$0.00 ,$0.00 ,709810,Prodege LLC,www.swagbucks.com,0,0,0,0,0,0,$0.00 ,$0.00 ,$0.00 ,$0.00 ,$0.00 ,$0.00 ,$0.00 
31/03/2021,742098-adgoal GmbH-www.adgoal.net,1,$0.00 ,0,$0.00 ,0,0,$0.00 ,0,$0.00 ,$0.00 ,742098,adgoal GmbH,www.adgoal.net,0,0,0,0,0,0,$0.00 ,$0.00 ,$0.00 ,$0.00 ,$0.00 ,$0.00 ,$0.00 
31/03/2021,748814-Reviewed.com-www.reviewed.com,1,$0.00 ,0,$0.00 ,0,0,$0.00 ,0,$0.00 ,$0.00 ,748814,Reviewed.com,www.reviewed.com,0,0,0,0,0,0,$0.00 ,$0.00 ,$0.00 ,$0.00 ,$0.00 ,$0.00 ,$0.00 
31/03/2021,869815-Couponsmoon e commerce solutions-www.couponsmoon.com,1,$0.00 ,0,$0.00 ,0,0,$0.00 ,0,$0.00 ,$0.00 ,869815,Couponsmoon e commerce solutions,www.couponsmoon.com,0,0,0,0,0,0,$0.00 ,$0.00 ,$0.00 ,$0.00 ,$0.00 ,$0.00 ,$0.00 
31/03/2021,968793-Usman Masood-www.clothingric.com,1,$0.00 ,0,$0.00 ,0,0,$0.00 ,0,$0.00 ,$0.00 ,968793,Usman Masood,www.clothingric.com,0,0,0,0,0,0,$0.00 ,$0.00 ,$0.00 ,$0.00 ,$0.00 ,$0.00 ,$0.00 
31/03/2021,1413766-LinkGains (HK) Limited-www.hotdeals.com,1,$0.00 ,0,$0.00 ,0,0,$0.00 ,0,$0.00 ,$0.00 ,1413766,LinkGains (HK) Limited,www.hotdeals.com,0,0,0,0,0,0,$0.00 ,$0.00 ,$0.00 ,$0.00 ,$0.00 ,$0.00 ,$0.00 
31/03/2021,1441104-NonBiased Inc.-nonbiasedreviews.com,1,$0.00 ,0,$0.00 ,0,0,$0.00 ,0,$0.00 ,$0.00 ,1441104,NonBiased Inc.,nonbiasedreviews.com,0,0,0,0,0,0,$0.00 ,$0.00 ,$0.00 ,$0.00 ,$0.00 ,$0.00 ,$0.00 
31/03/2021,1562307-Reviews International-us-reviews.com,1,$0.00 ,0,$0.00 ,0,0,$0.00 ,0,$0.00 ,$0.00 ,1562307,Reviews International,us-reviews.com,0,0,0,0,0,0,$0.00 ,$0.00 ,$0.00 ,$0.00 ,$0.00 ,$0.00 ,$0.00 
31/03/2021,1868351-Liberty Labs Ltd-www.libertyvaults.com,1,$0.00 ,0,$0.00 ,0,0,$0.00 ,0,$0.00 ,$0.00 ,1868351,Liberty Labs Ltd,www.libertyvaults.com,0,0,0,0,0,0,$0.00 ,$0.00 ,$0.00 ,$0.00 ,$0.00 ,$0.00 ,$0.00 
31/03/2021,2081063-Let It Digital Limited-letitdigital.com,0,$0.00 ,0,$0.00 ,0,0,$0.00 ,0,$0.00 ,$0.00 ,2081063,Let It Digital Limited,letitdigital.com,0,0,0,0,0,0,$0.00 ,$0.00 ,$0.00 ,$0.00 ,$0.00 ,$0.00 ,$0.00 
01/04/2021,314743-Skimbit Ltd-skimlinks.com,12,$299.00 ,0,$299.00 ,1,0,$53.82 ,8.33,$448.50 ,$299.00 ,314743,Skimbit Ltd,skimlinks.com,1,0,0,0,0,0,$53.82 ,$0.00 ,$0.00 ,$0.00 ,$0.00 ,$0.00 ,$10.76 
01/04/2021,389818-VigLink Inc.-www.viglink.com,220,$299.00 ,0,$299.00 ,1,0,$44.85 ,0.45,$20.39 ,$299.00 ,389818,"VigLink, Inc.",www.viglink.com,1,0,0,0,0,0,$44.85 ,$0.00 ,$0.00 ,$0.00 ,$0.00 ,$0.00 ,$8.97 
01/04/2021,431460-COUPONISM INC.-www.couponism.com/,7,$776.00 ,0,$776.00 ,4,0,$38.80 ,57.14,$554.29 ,$194.00 ,431460,COUPONISM INC.,www.couponism.com/,4,0,0,0,0,0,$38.80 ,$0.00 ,$0.00 ,$0.00 ,$0.00 ,$0.00 ,$7.76 
01/04/2021,1140999-Chichihaha Limited-www.couponbirds.com,5,$538.20 ,0,$538.20 ,2,0,$26.92 ,40,$538.40 ,$269.10 ,1140999,Chichihaha Limited,www.couponbirds.com,2,0,0,0,0,0,$26.92 ,$0.00 ,$0.00 ,$0.00 ,$0.00 ,$0.00 ,$5.38 
01/04/2021,968793-Usman Masood-www.clothingric.com,1,$538.20 ,0,$538.20 ,1,0,$26.91 ,100,"$2,691.00 ",$538.20 ,968793,Usman Masood,www.clothingric.com,1,0,0,0,0,0,$26.91 ,$0.00 ,$0.00 ,$0.00 ,$0.00 ,$0.00 ,$5.38 
01/04/2021,1250612-Refermate LLC-www.refermate.com,5,$385.20 ,0,$385.20 ,1,0,$19.26 ,20,$385.20 ,$385.20 ,1250612,"Refermate, LLC",www.refermate.com,1,0,0,0,0,0,$19.26 ,$0.00 ,$0.00 ,$0.00 ,$0.00 ,$0.00 ,$3.85 
01/04/2021,824466-Mazitsol-wativ.com,2,$299.00 ,0,$299.00 ,1,0,$14.95 ,50,$747.50 ,$299.00 ,824466,Mazitsol,wativ.com,1,0,0,0,0,0,$14.95 ,$0.00 ,$0.00 ,$0.00 ,$0.00 ,$0.00 ,$2.99 
01/04/2021,2134380-naeem mohammad-www.simplecodez.com/,4,$269.10 ,0,$269.10 ,1,0,$13.46 ,25,$336.50 ,$269.10 ,2134380,naeem mohammad,www.simplecodez.com/,1,0,0,0,0,0,$13.46 ,$0.00 ,$0.00 ,$0.00 ,$0.00 ,$0.00 ,$2.69 
01/04/2021,1375544-REE SOLUTIONS INC-www.reecoupons.com,5,$99.00 ,0,$99.00 ,1,0,$4.95 ,20,$99.00 ,$99.00 ,1375544,REE SOLUTIONS INC,www.reecoupons.com,1,0,0,0,0,0,$4.95 ,$0.00 ,$0.00 ,$0.00 ,$0.00 ,$0.00 ,$0.99 
01/04/2021,1422007-Christiaan Moberg-www.slumbersearch.com,8,$0.00 ,0,$0.00 ,0,0,$0.00 ,0,$0.00 ,$0.00 ,1422007,Christiaan Moberg,www.slumbersearch.com,0,0,0,0,0,0,$0.00 ,$0.00 ,$0.00 ,$0.00 ,$0.00 ,$0.00 ,$0.00 
01/04/2021,947175-Mattress Advisor LLC-mattressclarity.com,7,$0.00 ,0,$0.00 ,0,0,$0.00 ,0,$0.00 ,$0.00 ,947175,Mattress Advisor LLC,mattressclarity.com,0,0,0,0,0,0,$0.00 ,$0.00 ,$0.00 ,$0.00 ,$0.00 ,$0.00 ,$0.00 
01/04/2021,445875-Demand.io-knoji.com,5,$0.00 ,0,$0.00 ,0,0,$0.00 ,0,$0.00 ,$0.00 ,445875,Demand.io,knoji.com,0,0,0,0,0,0,$0.00 ,$0.00 ,$0.00 ,$0.00 ,$0.00 ,$0.00 ,$0.00 
01/04/2021,967949-Common News Update LLC-www.commonnewsupdate.com,4,$0.00 ,0,$0.00 ,0,0,$0.00 ,0,$0.00 ,$0.00 ,967949,"Common News Update, LLC",www.commonnewsupdate.com,0,0,0,0,0,0,$0.00 ,$0.00 ,$0.00 ,$0.00 ,$0.00 ,$0.00 ,$0.00 
01/04/2021,1238556-YIELDKIT GmbH-yieldkit.com,3,$0.00 ,0,$0.00 ,0,0,$0.00 ,0,$0.00 ,$0.00 ,1238556,YIELDKIT GmbH,yieldkit.com,0,0,0,0,0,0,$0.00 ,$0.00 ,$0.00 ,$0.00 ,$0.00 ,$0.00 ,$0.00 
01/04/2021,1519404-Mariano Cordoba-marianocordoba.me,2,$0.00 ,0,$0.00 ,0,0,$0.00 ,0,$0.00 ,$0.00 ,1519404,Mariano Cordoba,marianocordoba.me,0,0,0,0,0,0,$0.00 ,$0.00 ,$0.00 ,$0.00 ,$0.00 ,$0.00 ,$0.00 
01/04/2021,318676-Capital Intellect Inc.-www.befrugal.com,1,$0.00 ,0,$0.00 ,0,0,$0.00 ,0,$0.00 ,$0.00 ,318676,"Capital Intellect, Inc.",www.befrugal.com,0,0,0,0,0,0,$0.00 ,$0.00 ,$0.00 ,$0.00 ,$0.00 ,$0.00 ,$0.00 
01/04/2021,512696-MyPoints.com Inc.-www.mypoints.com,1,$0.00 ,0,$0.00 ,0,0,$0.00 ,0,$0.00 ,$0.00 ,512696,"MyPoints.com, Inc.",www.mypoints.com,0,0,0,0,0,0,$0.00 ,$0.00 ,$0.00 ,$0.00 ,$0.00 ,$0.00 ,$0.00 
01/04/2021,709810-Prodege LLC-www.swagbucks.com,1,$0.00 ,0,$0.00 ,0,0,$0.00 ,0,$0.00 ,$0.00 ,709810,Prodege LLC,www.swagbucks.com,0,0,0,0,0,0,$0.00 ,$0.00 ,$0.00 ,$0.00 ,$0.00 ,$0.00 ,$0.00 
01/04/2021,742098-adgoal GmbH-www.adgoal.net,1,$0.00 ,0,$0.00 ,0,0,$0.00 ,0,$0.00 ,$0.00 ,742098,adgoal GmbH,www.adgoal.net,0,0,0,0,0,0,$0.00 ,$0.00 ,$0.00 ,$0.00 ,$0.00 ,$0.00 ,$0.00 
01/04/2021,748814-Reviewed.com-www.reviewed.com,1,$0.00 ,0,$0.00 ,0,0,$0.00 ,0,$0.00 ,$0.00 ,748814,Reviewed.com,www.reviewed.com,0,0,0,0,0,0,$0.00 ,$0.00 ,$0.00 ,$0.00 ,$0.00 ,$0.00 ,$0.00 
01/04/2021,927360-Coupon Gents LLC-coupongents.us,1,$0.00 ,0,$0.00 ,0,0,$0.00 ,0,$0.00 ,$0.00 ,927360,"Coupon Gents, LLC",coupongents.us,0,0,0,0,0,0,$0.00 ,$0.00 ,$0.00 ,$0.00 ,$0.00 ,$0.00 ,$0.00 
01/04/2021,1093950-Trapskin Enterprises LLC-www.sleepsherpa.com,1,$0.00 ,0,$0.00 ,0,0,$0.00 ,0,$0.00 ,$0.00 ,1093950,Trapskin Enterprises LLC,www.sleepsherpa.com,0,0,0,0,0,0,$0.00 ,$0.00 ,$0.00 ,$0.00 ,$0.00 ,$0.00 ,$0.00 
01/04/2021,1393373-CPAR Media Corp-www.coupongrind.com,1,$0.00 ,0,$0.00 ,0,0,$0.00 ,0,$0.00 ,$0.00 ,1393373,CPAR Media Corp,www.coupongrind.com,0,0,0,0,0,0,$0.00 ,$0.00 ,$0.00 ,$0.00 ,$0.00 ,$0.00 ,$0.00 
01/04/2021,1413766-LinkGains (HK) Limited-www.hotdeals.com,1,$0.00 ,0,$0.00 ,0,0,$0.00 ,0,$0.00 ,$0.00 ,1413766,LinkGains (HK) Limited,www.hotdeals.com,0,0,0,0,0,0,$0.00 ,$0.00 ,$0.00 ,$0.00 ,$0.00 ,$0.00 ,$0.00 
01/04/2021,1538097-Wildfire Systems Inc.-wildfire-corp.com,1,$0.00 ,0,$0.00 ,0,0,$0.00 ,0,$0.00 ,$0.00 ,1538097,"Wildfire Systems, Inc.",wildfire-corp.com,0,0,0,0,0,0,$0.00 ,$0.00 ,$0.00 ,$0.00 ,$0.00 ,$0.00 ,$0.00 
01/04/2021,1617214-ShopAtHome.com LLC-www.shopathome.com,1,$0.00 ,0,$0.00 ,0,0,$0.00 ,0,$0.00 ,$0.00 ,1617214,"ShopAtHome.com, LLC",www.shopathome.com,0,0,0,0,0,0,$0.00 ,$0.00 ,$0.00 ,$0.00 ,$0.00 ,$0.00 ,$0.00 
01/04/2021,1705307-Muhammad Bilal-www.discountcodez.com/,1,$0.00 ,0,$0.00 ,0,0,$0.00 ,0,$0.00 ,$0.00 ,1705307,Muhammad Bilal,www.discountcodez.com/,0,0,0,0,0,0,$0.00 ,$0.00 ,$0.00 ,$0.00 ,$0.00 ,$0.00 ,$0.00 
01/04/2021,1778626-Syed Hammad Hussain-www.couponsvolcano.com,1,$0.00 ,0,$0.00 ,0,0,$0.00 ,0,$0.00 ,$0.00 ,1778626,Syed Hammad Hussain,www.couponsvolcano.com,0,0,0,0,0,0,$0.00 ,$0.00 ,$0.00 ,$0.00 ,$0.00 ,$0.00 ,$0.00 
02/04/2021,947175-Mattress Advisor LLC-mattressclarity.com,12,$770.40 ,0,$770.40 ,2,0,$115.56 ,16.67,$963.00 ,$385.20 ,947175,Mattress Advisor LLC,mattressclarity.com,2,0,0,0,0,0,$115.56 ,$0.00 ,$0.00 ,$0.00 ,$0.00 ,$0.00 ,$23.12 
02/04/2021,389818-VigLink Inc.-www.viglink.com,259,$598.00 ,0,$598.00 ,2,0,$89.70 ,0.77,$34.63 ,$299.00 ,389818,"VigLink, Inc.",www.viglink.com,2,0,0,0,0,0,$89.70 ,$0.00 ,$0.00 ,$0.00 ,$0.00 ,$0.00 ,$17.94 
02/04/2021,314743-Skimbit Ltd-skimlinks.com,16,$398.00 ,0,$398.00 ,2,0,$71.64 ,12.5,$447.75 ,$199.00 ,314743,Skimbit Ltd,skimlinks.com,2,0,0,0,0,0,$71.64 ,$0.00 ,$0.00 ,$0.00 ,$0.00 ,$0.00 ,$14.32 
02/04/2021,431460-COUPONISM INC.-www.couponism.com/,9,"$1,186.20 ",0,"$1,186.20 ",4,0,$59.31 ,44.44,$659.00 ,$296.55 ,431460,COUPONISM INC.,www.couponism.com/,4,0,0,0,0,0,$59.31 ,$0.00 ,$0.00 ,$0.00 ,$0.00 ,$0.00 ,$11.86 
02/04/2021,1093950-Trapskin Enterprises LLC-www.sleepsherpa.com,2,$299.00 ,0,$299.00 ,1,0,$44.85 ,50,"$2,242.50 ",$299.00 ,1093950,Trapskin Enterprises LLC,www.sleepsherpa.com,1,0,0,0,0,0,$44.85 ,$0.00 ,$0.00 ,$0.00 ,$0.00 ,$0.00 ,$8.97 
02/04/2021,927360-Coupon Gents LLC-coupongents.us,3,$573.00 ,0,$573.00 ,2,0,$28.65 ,66.67,$955.00 ,$286.50 ,927360,"Coupon Gents, LLC",coupongents.us,2,0,0,0,0,0,$28.65 ,$0.00 ,$0.00 ,$0.00 ,$0.00 ,$0.00 ,$5.73 
02/04/2021,1140999-Chichihaha Limited-www.couponbirds.com,5,$299.00 ,0,$299.00 ,1,0,$14.95 ,20,$299.00 ,$299.00 ,1140999,Chichihaha Limited,www.couponbirds.com,1,0,0,0,0,0,$14.95 ,$0.00 ,$0.00 ,$0.00 ,$0.00 ,$0.00 ,$2.99 
02/04/2021,1375544-REE SOLUTIONS INC-www.reecoupons.com,10,$274.00 ,0,$274.00 ,1,0,$13.70 ,10,$137.00 ,$274.00 ,1375544,REE SOLUTIONS INC,www.reecoupons.com,1,0,0,0,0,0,$13.70 ,$0.00 ,$0.00 ,$0.00 ,$0.00 ,$0.00 ,$2.74 
02/04/2021,2134380-naeem mohammad-www.simplecodez.com/,4,$269.10 ,0,$269.10 ,1,0,$13.46 ,25,$336.50 ,$269.10 ,2134380,naeem mohammad,www.simplecodez.com/,1,0,0,0,0,0,$13.46 ,$0.00 ,$0.00 ,$0.00 ,$0.00 ,$0.00 ,$2.69 
02/04/2021,445875-Demand.io-knoji.com,5,$228.00 ,0,$228.00 ,1,0,$11.40 ,20,$228.00 ,$228.00 ,445875,Demand.io,knoji.com,1,0,0,0,0,0,$11.40 ,$0.00 ,$0.00 ,$0.00 ,$0.00 ,$0.00 ,$2.28 
02/04/2021,1422007-Christiaan Moberg-www.slumbersearch.com,12,$0.00 ,0,$0.00 ,0,0,$0.00 ,0,$0.00 ,$0.00 ,1422007,Christiaan Moberg,www.slumbersearch.com,0,0,0,0,0,0,$0.00 ,$0.00 ,$0.00 ,$0.00 ,$0.00 ,$0.00 ,$0.00 
02/04/2021,967949-Common News Update LLC-www.commonnewsupdate.com,3,$0.00 ,0,$0.00 ,0,0,$0.00 ,0,$0.00 ,$0.00 ,967949,"Common News Update, LLC",www.commonnewsupdate.com,0,0,0,0,0,0,$0.00 ,$0.00 ,$0.00 ,$0.00 ,$0.00 ,$0.00 ,$0.00 
02/04/2021,1250612-Refermate LLC-www.refermate.com,3,$0.00 ,0,$0.00 ,0,0,$0.00 ,0,$0.00 ,$0.00 ,1250612,"Refermate, LLC",www.refermate.com,0,0,0,0,0,0,$0.00 ,$0.00 ,$0.00 ,$0.00 ,$0.00 ,$0.00 ,$0.00 
02/04/2021,1705307-Muhammad Bilal-www.discountcodez.com/,3,$0.00 ,0,$0.00 ,0,0,$0.00 ,0,$0.00 ,$0.00 ,1705307,Muhammad Bilal,www.discountcodez.com/,0,0,0,0,0,0,$0.00 ,$0.00 ,$0.00 ,$0.00 ,$0.00 ,$0.00 ,$0.00 
02/04/2021,318676-Capital Intellect Inc.-www.befrugal.com,2,$0.00 ,0,$0.00 ,0,0,$0.00 ,0,$0.00 ,$0.00 ,318676,"Capital Intellect, Inc.",www.befrugal.com,0,0,0,0,0,0,$0.00 ,$0.00 ,$0.00 ,$0.00 ,$0.00 ,$0.00 ,$0.00 
02/04/2021,512696-MyPoints.com Inc.-www.mypoints.com,2,$0.00 ,0,$0.00 ,0,0,$0.00 ,0,$0.00 ,$0.00 ,512696,"MyPoints.com, Inc.",www.mypoints.com,0,0,0,0,0,0,$0.00 ,$0.00 ,$0.00 ,$0.00 ,$0.00 ,$0.00 ,$0.00 
02/04/2021,1393373-CPAR Media Corp-www.coupongrind.com,2,$0.00 ,0,$0.00 ,0,0,$0.00 ,0,$0.00 ,$0.00 ,1393373,CPAR Media Corp,www.coupongrind.com,0,0,0,0,0,0,$0.00 ,$0.00 ,$0.00 ,$0.00 ,$0.00 ,$0.00 ,$0.00 
02/04/2021,1519404-Mariano Cordoba-marianocordoba.me,2,$0.00 ,0,$0.00 ,0,0,$0.00 ,0,$0.00 ,$0.00 ,1519404,Mariano Cordoba,marianocordoba.me,0,0,0,0,0,0,$0.00 ,$0.00 ,$0.00 ,$0.00 ,$0.00 ,$0.00 ,$0.00 
02/04/2021,709810-Prodege LLC-www.swagbucks.com,1,$0.00 ,0,$0.00 ,0,0,$0.00 ,0,$0.00 ,$0.00 ,709810,Prodege LLC,www.swagbucks.com,0,0,0,0,0,0,$0.00 ,$0.00 ,$0.00 ,$0.00 ,$0.00 ,$0.00 ,$0.00 
02/04/2021,862413-Prodege LLC-www.couponcause.com,1,$0.00 ,0,$0.00 ,0,0,$0.00 ,0,$0.00 ,$0.00 ,862413,"Prodege, LLC",www.couponcause.com,0,0,0,0,0,0,$0.00 ,$0.00 ,$0.00 ,$0.00 ,$0.00 ,$0.00 ,$0.00 
02/04/2021,1052535-ZYMSOL-www.dealsdir.com,1,$0.00 ,0,$0.00 ,0,0,$0.00 ,0,$0.00 ,$0.00 ,1052535,ZYMSOL,www.dealsdir.com,0,0,0,0,0,0,$0.00 ,$0.00 ,$0.00 ,$0.00 ,$0.00 ,$0.00 ,$0.00 
02/04/2021,1238556-YIELDKIT GmbH-yieldkit.com,1,$0.00 ,0,$0.00 ,0,0,$0.00 ,0,$0.00 ,$0.00 ,1238556,YIELDKIT GmbH,yieldkit.com,0,0,0,0,0,0,$0.00 ,$0.00 ,$0.00 ,$0.00 ,$0.00 ,$0.00 ,$0.00 
02/04/2021,1413766-LinkGains (HK) Limited-www.hotdeals.com,1,$0.00 ,0,$0.00 ,0,0,$0.00 ,0,$0.00 ,$0.00 ,1413766,LinkGains (HK) Limited,www.hotdeals.com,0,0,0,0,0,0,$0.00 ,$0.00 ,$0.00 ,$0.00 ,$0.00 ,$0.00 ,$0.00 
02/04/2021,1441104-NonBiased Inc.-nonbiasedreviews.com,1,$0.00 ,0,$0.00 ,0,0,$0.00 ,0,$0.00 ,$0.00 ,1441104,NonBiased Inc.,nonbiasedreviews.com,0,0,0,0,0,0,$0.00 ,$0.00 ,$0.00 ,$0.00 ,$0.00 ,$0.00 ,$0.00 
02/04/2021,1597262-Tabita Simrin-www.pennysaviour.com/,1,$0.00 ,0,$0.00 ,0,0,$0.00 ,0,$0.00 ,$0.00 ,1597262,Tabita Simrin,www.pennysaviour.com/,0,0,0,0,0,0,$0.00 ,$0.00 ,$0.00 ,$0.00 ,$0.00 ,$0.00 ,$0.00 
02/04/2021,1617214-ShopAtHome.com LLC-www.shopathome.com,1,$0.00 ,0,$0.00 ,0,0,$0.00 ,0,$0.00 ,$0.00 ,1617214,"ShopAtHome.com, LLC",www.shopathome.com,0,0,0,0,0,0,$0.00 ,$0.00 ,$0.00 ,$0.00 ,$0.00 ,$0.00 ,$0.00 
02/04/2021,1778626-Syed Hammad Hussain-www.couponsvolcano.com,1,$0.00 ,0,$0.00 ,0,0,$0.00 ,0,$0.00 ,$0.00 ,1778626,Syed Hammad Hussain,www.couponsvolcano.com,0,0,0,0,0,0,$0.00 ,$0.00 ,$0.00 ,$0.00 ,$0.00 ,$0.00 ,$0.00 